[JudicatorDaemon] Daemon started with pid = 140229
created memory file named ICV_balansem_fRm0u8lcgXC0v0yd
[Judicator] balance semaphore created successfully with fd 24.
bind to socket file judisock_4mbA6NNRw4lswLzH, socklen = 28.
started listen() on socket 26
  New connection fd 26 to read
  New connection fd 25 to read
Connecting with dp memory manager using asio com
  Listening socket is readable
  New connection fd 35 to read
  Listening socket is readable
  New connection fd 36 to read
added new engine pid=140251,rank=0,slot=0
added new engine pid=140252,rank=1,slot=1
  Listening socket is readable
  New connection fd 37 to read
Adding fd 37 (pid=140252,rank=1,slot=1) to connection catalog
Engine 1 (pid 140252) host memory = 386440MB.
express mode is true
sem fd sent 24
  Listening socket is readable
  New connection fd 38 to read
Adding fd 38 (pid=140251,rank=0,slot=0) to connection catalog
Engine 0 (pid 140251) host memory = 386440MB.
express mode is true
sem fd sent 24
Auto thread command 1182 311.0.0 (w=0.0 aw=0.0 lp=0 grd=0) started on engine pid=140252,rank=1,slot=1
command 1182 311.0.0 ended on engine pid=140252,rank=1,slot=1
Auto thread command 970 249.0.0 (w=0.0 aw=0.0 lp=0 grd=0) started on engine pid=140252,rank=1,slot=1
command 970 249.0.0 ended on engine pid=140252,rank=1,slot=1
Auto thread command 0 0 (w=0.0 aw=0.0 lp=0 grd=0) started on engine pid=140252,rank=1,slot=1
command 0 0 ended on engine pid=140252,rank=1,slot=1
Removing fd 37 from connection catalog
  Descriptor 37 hang up
Closing socket 37
  Listening socket is readable
  New connection fd 37 to read
Adding fd 37 (pid=140252,rank=1,slot=1) to connection catalog
Engine 1 (pid 140252) host memory = 386440MB.
express mode is true
sem fd sent 24
Auto thread command 1182 311.0.0 (w=0.0 aw=0.0 lp=0 grd=0) started on engine pid=140251,rank=0,slot=0
command 1182 311.0.0 ended on engine pid=140251,rank=0,slot=0
Auto thread command 954 244.0.0 (w=0.0 aw=0.0 lp=0 grd=0) started on engine pid=140251,rank=0,slot=0
command 954 244.0.0 ended on engine pid=140251,rank=0,slot=0
Auto thread command 961 246.0.0 (w=0.0 aw=0.0 lp=0 grd=0) started on engine pid=140251,rank=0,slot=0
Auto thread command 1182 311.0.0 (w=0.0 aw=0.0 lp=0 grd=0) started on engine pid=140252,rank=1,slot=1
command 1182 311.0.0 ended on engine pid=140252,rank=1,slot=1
command 961 246.0.0 ended on engine pid=140251,rank=0,slot=0
Removing fd 38 from connection catalog
  Descriptor 38 hang up
Closing socket 38
  Listening socket is readable
  New connection fd 38 to read
Adding fd 38 (pid=140251,rank=0,slot=0) to connection catalog
Engine 0 (pid 140251) host memory = 386440MB.
express mode is true
sem fd sent 24
Auto thread command 965 248.0.0 (w=0.0 aw=0.0 lp=0 grd=0) started on engine pid=140252,rank=1,slot=1
Auto thread command 1182 311.0.0 (w=0.0 aw=0.0 lp=0 grd=0) started on engine pid=140251,rank=0,slot=0
command 1182 311.0.0 ended on engine pid=140251,rank=0,slot=0
[1.000833s] usr=0.0s, sys=0.0s
command 965 248.0.0 ended on engine pid=140252,rank=1,slot=1
Removing fd 37 from connection catalog
  Descriptor 37 hang up
Closing socket 37
  Listening socket is readable
  New connection fd 37 to read
Adding fd 37 (pid=140252,rank=1,slot=1) to connection catalog
Engine 1 (pid 140252) host memory = 386440MB.
express mode is true
sem fd sent 24
Auto thread command 975 251.0.0 (w=0.0 aw=0.0 lp=0 grd=0) started on engine pid=140251,rank=0,slot=0
Auto thread command 1182 311.0.0 (w=0.0 aw=0.0 lp=0 grd=0) started on engine pid=140252,rank=1,slot=1
command 1182 311.0.0 ended on engine pid=140252,rank=1,slot=1
command 975 251.0.0 ended on engine pid=140251,rank=0,slot=0
Auto thread command 1193 316.0.0 (w=0.0 aw=0.0 lp=0 grd=0) started on engine pid=140251,rank=0,slot=0
Auto thread command 1191 315.0.0 (w=0.0 aw=0.0 lp=0 grd=1) started on engine pid=140252,rank=1,slot=1
command 1191 315.0.0 ended on engine pid=140252,rank=1,slot=1
Auto thread command 1615 435.0.0 (w=0.0 aw=0.0 lp=0 grd=0) started on engine pid=140252,rank=1,slot=1
command 1615 435.0.0 ended on engine pid=140252,rank=1,slot=1
Auto thread command 1613 434.0.0 (w=0.0 aw=0.0 lp=0 grd=0) started on engine pid=140252,rank=1,slot=1
command 1613 434.0.0 ended on engine pid=140252,rank=1,slot=1
Auto thread command 1610 432.0.0 (w=0.0 aw=0.0 lp=0 grd=0) started on engine pid=140252,rank=1,slot=1
command 1610 432.0.0 ended on engine pid=140252,rank=1,slot=1
Auto thread command 1608 431.0.0 (w=0.0 aw=0.0 lp=0 grd=0) started on engine pid=140252,rank=1,slot=1
command 1608 431.0.0 ended on engine pid=140252,rank=1,slot=1
Auto thread command 1605 429.0.0 (w=0.0 aw=0.0 lp=0 grd=0) started on engine pid=140252,rank=1,slot=1
command 1605 429.0.0 ended on engine pid=140252,rank=1,slot=1
Auto thread command 1603 428.0.0 (w=0.0 aw=0.0 lp=0 grd=0) started on engine pid=140252,rank=1,slot=1
command 1603 428.0.0 ended on engine pid=140252,rank=1,slot=1
Auto thread command 1600 426.0.0 (w=0.0 aw=0.0 lp=0 grd=0) started on engine pid=140252,rank=1,slot=1
command 1600 426.0.0 ended on engine pid=140252,rank=1,slot=1
Auto thread command 1598 425.0.0 (w=0.0 aw=0.0 lp=0 grd=0) started on engine pid=140252,rank=1,slot=1
command 1598 425.0.0 ended on engine pid=140252,rank=1,slot=1
Auto thread command 1595 423.0.0 (w=0.0 aw=0.0 lp=0 grd=0) started on engine pid=140252,rank=1,slot=1
command 1595 423.0.0 ended on engine pid=140252,rank=1,slot=1
Auto thread command 1593 422.0.0 (w=0.0 aw=0.0 lp=0 grd=0) started on engine pid=140252,rank=1,slot=1
command 1593 422.0.0 ended on engine pid=140252,rank=1,slot=1
Auto thread command 1590 420.0.0 (w=0.0 aw=0.0 lp=0 grd=0) started on engine pid=140252,rank=1,slot=1
command 1590 420.0.0 ended on engine pid=140252,rank=1,slot=1
Auto thread command 1588 419.0.0 (w=0.0 aw=0.0 lp=0 grd=0) started on engine pid=140252,rank=1,slot=1
command 1588 419.0.0 ended on engine pid=140252,rank=1,slot=1
Auto thread command 1377 369.0.0 (w=0.0 aw=0.0 lp=0 grd=0) started on engine pid=140252,rank=1,slot=1
command 1377 369.0.0 ended on engine pid=140252,rank=1,slot=1
Auto thread command 1375 368.0.0 (w=0.0 aw=0.0 lp=0 grd=0) started on engine pid=140252,rank=1,slot=1
command 1375 368.0.0 ended on engine pid=140252,rank=1,slot=1
Auto thread command 1320 354.0.0 (w=0.0 aw=0.0 lp=0 grd=0) started on engine pid=140252,rank=1,slot=1
command 1320 354.0.0 ended on engine pid=140252,rank=1,slot=1
Auto thread command 1318 353.0.0 (w=0.0 aw=0.0 lp=0 grd=0) started on engine pid=140252,rank=1,slot=1
command 1318 353.0.0 ended on engine pid=140252,rank=1,slot=1
Auto thread command 1263 339.0.0 (w=0.0 aw=0.0 lp=0 grd=0) started on engine pid=140252,rank=1,slot=1
command 1263 339.0.0 ended on engine pid=140252,rank=1,slot=1
Auto thread command 1261 338.0.0 (w=0.0 aw=0.0 lp=0 grd=0) started on engine pid=140252,rank=1,slot=1
command 1261 338.0.0 ended on engine pid=140252,rank=1,slot=1
Auto thread command 1227 330.0.0 (w=0.0 aw=0.0 lp=0 grd=0) started on engine pid=140252,rank=1,slot=1
command 1227 330.0.0 ended on engine pid=140252,rank=1,slot=1
Auto thread command 1225 329.0.0 (w=0.0 aw=0.0 lp=0 grd=0) started on engine pid=140252,rank=1,slot=1
command 1225 329.0.0 ended on engine pid=140252,rank=1,slot=1
Auto thread command 1222 327.0.0 (w=0.0 aw=0.0 lp=0 grd=0) started on engine pid=140252,rank=1,slot=1
command 1222 327.0.0 ended on engine pid=140252,rank=1,slot=1
Auto thread command 1220 326.0.0 (w=0.0 aw=0.0 lp=0 grd=0) started on engine pid=140252,rank=1,slot=1
command 1220 326.0.0 ended on engine pid=140252,rank=1,slot=1
Auto thread command 1217 324.0.0 (w=0.0 aw=0.0 lp=0 grd=0) started on engine pid=140252,rank=1,slot=1
command 1217 324.0.0 ended on engine pid=140252,rank=1,slot=1
Auto thread command 1215 323.0.0 (w=0.0 aw=0.0 lp=0 grd=0) started on engine pid=140252,rank=1,slot=1
command 1215 323.0.0 ended on engine pid=140252,rank=1,slot=1
Auto thread command 1212 321.0.0 (w=0.0 aw=0.0 lp=0 grd=0) started on engine pid=140252,rank=1,slot=1
command 1212 321.0.0 ended on engine pid=140252,rank=1,slot=1
Auto thread command 1210 320.0.0 (w=0.0 aw=0.0 lp=0 grd=0) started on engine pid=140252,rank=1,slot=1
command 1210 320.0.0 ended on engine pid=140252,rank=1,slot=1
Auto thread command 1189 314.0.0 (w=0.0 aw=0.0 lp=0 grd=0) started on engine pid=140252,rank=1,slot=1
command 1189 314.0.0 ended on engine pid=140252,rank=1,slot=1
Removing fd 37 from connection catalog
  Descriptor 37 hang up
Closing socket 37
command 1193 316.0.0 ended on engine pid=140251,rank=0,slot=0
Auto thread command 1203 317.0.0 (w=0.0 aw=0.0 lp=0 grd=0) started on engine pid=140251,rank=0,slot=0
command 1203 317.0.0 ended on engine pid=140251,rank=0,slot=0
Removing fd 38 from connection catalog
  Descriptor 38 hang up
Closing socket 38
  Listening socket is readable
  New connection fd 37 to read
Adding fd 37 (pid=140252,rank=1,slot=1) to connection catalog
Engine 1 (pid 140252) host memory = 386440MB.
express mode is true
sem fd sent 24
  Listening socket is readable
  New connection fd 38 to read
Adding fd 38 (pid=140251,rank=0,slot=0) to connection catalog
Engine 0 (pid 140251) host memory = 386440MB.
express mode is true
sem fd sent 24
Auto thread command 1182 311.0.0 (w=0.0 aw=0.0 lp=0 grd=0) started on engine pid=140252,rank=1,slot=1
command 1182 311.0.0 ended on engine pid=140252,rank=1,slot=1
Auto thread command 1206 318.0.0 (w=0.0 aw=0.0 lp=0 grd=0) started on engine pid=140252,rank=1,slot=1
Auto thread command 1182 311.0.0 (w=0.0 aw=0.0 lp=0 grd=0) started on engine pid=140251,rank=0,slot=0
command 1206 318.0.0 ended on engine pid=140252,rank=1,slot=1
command 1182 311.0.0 ended on engine pid=140251,rank=0,slot=0
Auto thread command 1562 413.0.0 (w=0.0 aw=0.0 lp=0 grd=0) started on engine pid=140252,rank=1,slot=1
Auto thread command 1536 407.0.0 (w=0.0 aw=0.0 lp=0 grd=0) started on engine pid=140251,rank=0,slot=0
command 1562 413.0.0 ended on engine pid=140252,rank=1,slot=1
Auto thread command 1510 401.0.0 (w=0.0 aw=0.0 lp=0 grd=0) started on engine pid=140252,rank=1,slot=1
command 1536 407.0.0 ended on engine pid=140251,rank=0,slot=0
Auto thread command 1484 395.0.0 (w=0.0 aw=0.0 lp=0 grd=0) started on engine pid=140251,rank=0,slot=0
command 1510 401.0.0 ended on engine pid=140252,rank=1,slot=1
Auto thread command 1458 389.0.0 (w=0.0 aw=0.0 lp=0 grd=0) started on engine pid=140252,rank=1,slot=1
command 1484 395.0.0 ended on engine pid=140251,rank=0,slot=0
Auto thread command 1432 383.0.0 (w=0.0 aw=0.0 lp=0 grd=0) started on engine pid=140251,rank=0,slot=0
command 1458 389.0.0 ended on engine pid=140252,rank=1,slot=1
Auto thread command 1406 377.0.0 (w=0.0 aw=0.0 lp=0 grd=0) started on engine pid=140252,rank=1,slot=1
command 1432 383.0.0 ended on engine pid=140251,rank=0,slot=0
Auto thread command 1380 371.0.0 (w=0.0 aw=0.0 lp=0 grd=0) started on engine pid=140251,rank=0,slot=0
command 1406 377.0.0 ended on engine pid=140252,rank=1,slot=1
Auto thread command 1349 362.0.0 (w=0.0 aw=0.0 lp=0 grd=0) started on engine pid=140252,rank=1,slot=1
command 1380 371.0.0 ended on engine pid=140251,rank=0,slot=0
Auto thread command 1323 356.0.0 (w=0.0 aw=0.0 lp=0 grd=0) started on engine pid=140251,rank=0,slot=0
command 1349 362.0.0 ended on engine pid=140252,rank=1,slot=1
command 1323 356.0.0 ended on engine pid=140251,rank=0,slot=0
Auto thread command 1292 347.0.0 (w=0.0 aw=0.0 lp=0 grd=0) started on engine pid=140252,rank=1,slot=1
Auto thread command 1266 341.0.0 (w=0.0 aw=0.0 lp=0 grd=0) started on engine pid=140251,rank=0,slot=0
command 1266 341.0.0 ended on engine pid=140251,rank=0,slot=0
Auto thread command 1230 332.0.0 (w=0.0 aw=0.0 lp=0 grd=0) started on engine pid=140251,rank=0,slot=0
command 1292 347.0.0 ended on engine pid=140252,rank=1,slot=1
Auto thread command 1312 351.0.0 (w=0.0 aw=0.0 lp=0 grd=0) started on engine pid=140252,rank=1,slot=1
command 1312 351.0.0 ended on engine pid=140252,rank=1,slot=1
Auto thread command 1307 350.0.0 (w=0.0 aw=0.0 lp=0 grd=0) started on engine pid=140252,rank=1,slot=1
command 1307 350.0.0 ended on engine pid=140252,rank=1,slot=1
Auto thread command 2180 649.0.0 (w=0.0 aw=0.0 lp=0 grd=0) started on engine pid=140252,rank=1,slot=1
command 2180 649.0.0 ended on engine pid=140252,rank=1,slot=1
Auto thread command 2177 647.0.0 (w=0.0 aw=0.0 lp=0 grd=0) started on engine pid=140252,rank=1,slot=1
command 2177 647.0.0 ended on engine pid=140252,rank=1,slot=1
Auto thread command 2174 645.0.0 (w=0.0 aw=0.0 lp=0 grd=0) started on engine pid=140252,rank=1,slot=1
command 2174 645.0.0 ended on engine pid=140252,rank=1,slot=1
Auto thread command 2171 643.0.0 (w=0.0 aw=0.0 lp=0 grd=0) started on engine pid=140252,rank=1,slot=1
command 2171 643.0.0 ended on engine pid=140252,rank=1,slot=1
Auto thread command 1951 568.0.0 (w=0.0 aw=0.0 lp=0 grd=0) started on engine pid=140252,rank=1,slot=1
command 1951 568.0.0 ended on engine pid=140252,rank=1,slot=1
Auto thread command 1948 566.0.0 (w=0.0 aw=0.0 lp=0 grd=0) started on engine pid=140252,rank=1,slot=1
command 1948 566.0.0 ended on engine pid=140252,rank=1,slot=1
Auto thread command 1297 348.0.0 (w=0.0 aw=0.0 lp=0 grd=0) started on engine pid=140252,rank=1,slot=1
command 1230 332.0.0 ended on engine pid=140251,rank=0,slot=0
Auto thread command 1255 336.0.0 (w=0.0 aw=0.0 lp=0 grd=0) started on engine pid=140251,rank=0,slot=0
command 1297 348.0.0 ended on engine pid=140252,rank=1,slot=1
Auto thread command 1302 349.0.0 (w=0.0 aw=0.0 lp=0 grd=0) started on engine pid=140252,rank=1,slot=1
command 1255 336.0.0 ended on engine pid=140251,rank=0,slot=0
Auto thread command 1250 335.0.0 (w=0.0 aw=0.0 lp=0 grd=0) started on engine pid=140251,rank=0,slot=0
command 1302 349.0.0 ended on engine pid=140252,rank=1,slot=1
Auto thread command 3859 1215.0.0 (w=0.0 aw=0.0 lp=0 grd=0) started on engine pid=140252,rank=1,slot=1
command 3859 1215.0.0 ended on engine pid=140252,rank=1,slot=1
Auto thread command 3762 1181.0.0 (w=0.0 aw=0.0 lp=0 grd=0) started on engine pid=140252,rank=1,slot=1
command 3762 1181.0.0 ended on engine pid=140252,rank=1,slot=1
Auto thread command 2008 585.0.0 (w=0.0 aw=0.0 lp=0 grd=0) started on engine pid=140252,rank=1,slot=1
command 2008 585.0.0 ended on engine pid=140252,rank=1,slot=1
Auto thread command 2011 586.0.0 (w=0.0 aw=0.0 lp=0 grd=0) started on engine pid=140252,rank=1,slot=1
command 1250 335.0.0 ended on engine pid=140251,rank=0,slot=0
command 2011 586.0.0 ended on engine pid=140252,rank=1,slot=1
Auto thread command 3686 1152.0.0 (w=0.0 aw=0.0 lp=0 grd=0) started on engine pid=140251,rank=0,slot=0
Auto thread command 2016 587.0.0 (w=0.0 aw=0.0 lp=0 grd=0) started on engine pid=140252,rank=1,slot=1
command 3686 1152.0.0 ended on engine pid=140251,rank=0,slot=0
Auto thread command 3683 1150.0.0 (w=0.0 aw=0.0 lp=0 grd=0) started on engine pid=140251,rank=0,slot=0
command 3683 1150.0.0 ended on engine pid=140251,rank=0,slot=0
Auto thread command 3677 1146.0.0 (w=0.0 aw=0.0 lp=0 grd=0) started on engine pid=140251,rank=0,slot=0
command 3677 1146.0.0 ended on engine pid=140251,rank=0,slot=0
Auto thread command 1870 534.0.0 (w=0.0 aw=0.0 lp=0 grd=0) started on engine pid=140251,rank=0,slot=0
command 1870 534.0.0 ended on engine pid=140251,rank=0,slot=0
Auto thread command 1867 532.0.0 (w=0.0 aw=0.0 lp=0 grd=0) started on engine pid=140251,rank=0,slot=0
command 1867 532.0.0 ended on engine pid=140251,rank=0,slot=0
Auto thread command 1864 530.0.0 (w=0.0 aw=0.0 lp=0 grd=0) started on engine pid=140251,rank=0,slot=0
command 1864 530.0.0 ended on engine pid=140251,rank=0,slot=0
Auto thread command 1861 528.0.0 (w=0.0 aw=0.0 lp=0 grd=0) started on engine pid=140251,rank=0,slot=0
command 1861 528.0.0 ended on engine pid=140251,rank=0,slot=0
Auto thread command 1697 469.0.0 (w=0.0 aw=0.0 lp=0 grd=0) started on engine pid=140251,rank=0,slot=0
command 1697 469.0.0 ended on engine pid=140251,rank=0,slot=0
Auto thread command 1694 467.0.0 (w=0.0 aw=0.0 lp=0 grd=0) started on engine pid=140251,rank=0,slot=0
command 1694 467.0.0 ended on engine pid=140251,rank=0,slot=0
Auto thread command 1897 549.0.0 (w=0.0 aw=0.0 lp=0 grd=0) started on engine pid=140251,rank=0,slot=0
command 2016 587.0.0 ended on engine pid=140252,rank=1,slot=1
Auto thread command 2039 595.0.0 (w=0.0 aw=0.0 lp=0 grd=0) started on engine pid=140252,rank=1,slot=1
command 1897 549.0.0 ended on engine pid=140251,rank=0,slot=0
Auto thread command 2018 588.0.0 (w=0.0 aw=0.0 lp=0 grd=0) started on engine pid=140251,rank=0,slot=0
command 2039 595.0.0 ended on engine pid=140252,rank=1,slot=1
Auto thread command 2066 604.0.0 (w=0.0 aw=0.0 lp=0 grd=0) started on engine pid=140252,rank=1,slot=1
command 2018 588.0.0 ended on engine pid=140251,rank=0,slot=0
command 2066 604.0.0 ended on engine pid=140252,rank=1,slot=1
Auto thread command 2056 600.0.0 (w=0.0 aw=0.0 lp=0 grd=0) started on engine pid=140251,rank=0,slot=0
Auto thread command 2070 606.0.0 (w=0.0 aw=0.0 lp=0 grd=0) started on engine pid=140252,rank=1,slot=1
command 2070 606.0.0 ended on engine pid=140252,rank=1,slot=1
Auto thread command 2068 605.0.0 (w=0.0 aw=0.0 lp=0 grd=0) started on engine pid=140252,rank=1,slot=1
command 2056 600.0.0 ended on engine pid=140251,rank=0,slot=0
Auto thread command 2060 602.0.0 (w=0.0 aw=0.0 lp=0 grd=0) started on engine pid=140251,rank=0,slot=0
command 2068 605.0.0 ended on engine pid=140252,rank=1,slot=1
Auto thread command 2072 607.0.0 (w=0.0 aw=0.0 lp=0 grd=0) started on engine pid=140252,rank=1,slot=1
command 2060 602.0.0 ended on engine pid=140251,rank=0,slot=0
Auto thread command 2058 601.0.0 (w=0.0 aw=0.0 lp=0 grd=0) started on engine pid=140251,rank=0,slot=0
command 2058 601.0.0 ended on engine pid=140251,rank=0,slot=0
Auto thread command 2062 603.0.0 (w=0.0 aw=0.0 lp=0 grd=0) started on engine pid=140251,rank=0,slot=0
command 2072 607.0.0 ended on engine pid=140252,rank=1,slot=1
Auto thread command 2118 620.0.0 (w=0.0 aw=0.0 lp=0 grd=0) started on engine pid=140252,rank=1,slot=1
command 2118 620.0.0 ended on engine pid=140252,rank=1,slot=1
Auto thread command 2121 621.0.0 (w=0.0 aw=0.0 lp=0 grd=0) started on engine pid=140252,rank=1,slot=1
command 2121 621.0.0 ended on engine pid=140252,rank=1,slot=1
Auto thread command 2123 622.0.0 (w=0.0 aw=0.0 lp=0 grd=0) started on engine pid=140252,rank=1,slot=1
command 2062 603.0.0 ended on engine pid=140251,rank=0,slot=0
Auto thread command 2104 616.0.0 (w=0.0 aw=0.0 lp=0 grd=0) started on engine pid=140251,rank=0,slot=0
command 2104 616.0.0 ended on engine pid=140251,rank=0,slot=0
Auto thread command 2107 617.0.0 (w=0.0 aw=0.0 lp=0 grd=0) started on engine pid=140251,rank=0,slot=0
command 2107 617.0.0 ended on engine pid=140251,rank=0,slot=0
Auto thread command 2109 618.0.0 (w=0.0 aw=0.0 lp=0 grd=0) started on engine pid=140251,rank=0,slot=0
command 2123 622.0.0 ended on engine pid=140252,rank=1,slot=1
Auto thread command 2131 623.0.0 (w=0.0 aw=0.0 lp=0 grd=0) started on engine pid=140252,rank=1,slot=1
command 2131 623.0.0 ended on engine pid=140252,rank=1,slot=1
Auto thread command 2025 589.0.0 (w=0.0 aw=0.0 lp=0 grd=0) started on engine pid=140252,rank=1,slot=1
command 2109 618.0.0 ended on engine pid=140251,rank=0,slot=0
Auto thread command 2117 619.0.0 (w=0.0 aw=0.0 lp=0 grd=0) started on engine pid=140251,rank=0,slot=0
command 2117 619.0.0 ended on engine pid=140251,rank=0,slot=0
Auto thread command 2046 596.0.0 (w=0.0 aw=0.0 lp=0 grd=0) started on engine pid=140251,rank=0,slot=0
command 2025 589.0.0 ended on engine pid=140252,rank=1,slot=1
Auto thread command 2029 591.0.0 (w=0.0 aw=0.0 lp=0 grd=0) started on engine pid=140252,rank=1,slot=1
command 2029 591.0.0 ended on engine pid=140252,rank=1,slot=1
Auto thread command 2027 590.0.0 (w=0.0 aw=0.0 lp=0 grd=0) started on engine pid=140252,rank=1,slot=1
command 2027 590.0.0 ended on engine pid=140252,rank=1,slot=1
Auto thread command 2031 592.0.0 (w=0.0 aw=0.0 lp=0 grd=0) started on engine pid=140252,rank=1,slot=1
command 2046 596.0.0 ended on engine pid=140251,rank=0,slot=0
Auto thread command 2050 598.0.0 (w=0.0 aw=0.0 lp=0 grd=0) started on engine pid=140251,rank=0,slot=0
command 2050 598.0.0 ended on engine pid=140251,rank=0,slot=0
command 2031 592.0.0 ended on engine pid=140252,rank=1,slot=1
Auto thread command 2048 597.0.0 (w=0.0 aw=0.0 lp=0 grd=0) started on engine pid=140251,rank=0,slot=0
Auto thread command 2076 608.0.0 (w=0.0 aw=0.0 lp=0 grd=0) started on engine pid=140252,rank=1,slot=1
command 2076 608.0.0 ended on engine pid=140252,rank=1,slot=1
Auto thread command 2079 609.0.0 (w=0.0 aw=0.0 lp=0 grd=0) started on engine pid=140252,rank=1,slot=1
command 2048 597.0.0 ended on engine pid=140251,rank=0,slot=0
Auto thread command 2052 599.0.0 (w=0.0 aw=0.0 lp=0 grd=0) started on engine pid=140251,rank=0,slot=0
command 2079 609.0.0 ended on engine pid=140252,rank=1,slot=1
Auto thread command 2081 610.0.0 (w=0.0 aw=0.0 lp=0 grd=0) started on engine pid=140252,rank=1,slot=1
command 2081 610.0.0 ended on engine pid=140252,rank=1,slot=1
Auto thread command 2089 611.0.0 (w=0.0 aw=0.0 lp=0 grd=0) started on engine pid=140252,rank=1,slot=1
command 2089 611.0.0 ended on engine pid=140252,rank=1,slot=1
Auto thread command 1240 333.0.0 (w=0.0 aw=0.0 lp=0 grd=0) started on engine pid=140252,rank=1,slot=1
command 2052 599.0.0 ended on engine pid=140251,rank=0,slot=0
Auto thread command 2090 612.0.0 (w=0.0 aw=0.0 lp=0 grd=0) started on engine pid=140251,rank=0,slot=0
command 2090 612.0.0 ended on engine pid=140251,rank=0,slot=0
Auto thread command 2093 613.0.0 (w=0.0 aw=0.0 lp=0 grd=0) started on engine pid=140251,rank=0,slot=0
command 2093 613.0.0 ended on engine pid=140251,rank=0,slot=0
Auto thread command 2095 614.0.0 (w=0.0 aw=0.0 lp=0 grd=0) started on engine pid=140251,rank=0,slot=0
command 2095 614.0.0 ended on engine pid=140251,rank=0,slot=0
Auto thread command 2103 615.0.0 (w=0.0 aw=0.0 lp=0 grd=0) started on engine pid=140251,rank=0,slot=0
command 2103 615.0.0 ended on engine pid=140251,rank=0,slot=0
Auto thread command 1286 345.0.0 (w=0.0 aw=0.0 lp=0 grd=0) started on engine pid=140251,rank=0,slot=0
command 1286 345.0.0 ended on engine pid=140251,rank=0,slot=0
command 1240 333.0.0 ended on engine pid=140252,rank=1,slot=1
Auto thread command 1281 344.0.0 (w=0.0 aw=0.0 lp=0 grd=0) started on engine pid=140251,rank=0,slot=0
Auto thread command 1245 334.0.0 (w=0.0 aw=0.0 lp=0 grd=0) started on engine pid=140252,rank=1,slot=1
command 1281 344.0.0 ended on engine pid=140251,rank=0,slot=0
command 1245 334.0.0 ended on engine pid=140252,rank=1,slot=1
Auto thread command 3758 1179.0.0 (w=0.0 aw=0.0 lp=0 grd=0) started on engine pid=140251,rank=0,slot=0
Auto thread command 3759 1180.0.0 (w=0.0 aw=0.0 lp=0 grd=0) started on engine pid=140252,rank=1,slot=1
command 3759 1180.0.0 ended on engine pid=140252,rank=1,slot=1
command 3758 1179.0.0 ended on engine pid=140251,rank=0,slot=0
Auto thread command 1698 470.0.0 (w=0.0 aw=0.0 lp=0 grd=0) started on engine pid=140252,rank=1,slot=1
Auto thread command 1658 456.0.0 (w=0.0 aw=0.0 lp=0 grd=0) started on engine pid=140251,rank=0,slot=0
command 1698 470.0.0 ended on engine pid=140252,rank=1,slot=1
Auto thread command 1701 471.0.0 (w=0.0 aw=0.0 lp=0 grd=0) started on engine pid=140252,rank=1,slot=1
command 1701 471.0.0 ended on engine pid=140252,rank=1,slot=1
Auto thread command 1706 472.0.0 (w=0.0 aw=0.0 lp=0 grd=0) started on engine pid=140252,rank=1,slot=1
command 1658 456.0.0 ended on engine pid=140251,rank=0,slot=0
Auto thread command 3755 1177.0.0 (w=0.0 aw=0.0 lp=0 grd=0) started on engine pid=140251,rank=0,slot=0
command 3755 1177.0.0 ended on engine pid=140251,rank=0,slot=0
command 1706 472.0.0 ended on engine pid=140252,rank=1,slot=1
Auto thread command 1271 342.0.0 (w=0.0 aw=0.0 lp=0 grd=0) started on engine pid=140251,rank=0,slot=0
Auto thread command 1729 480.0.0 (w=0.0 aw=0.0 lp=0 grd=0) started on engine pid=140252,rank=1,slot=1
command 1271 342.0.0 ended on engine pid=140251,rank=0,slot=0
Auto thread command 1276 343.0.0 (w=0.0 aw=0.0 lp=0 grd=0) started on engine pid=140251,rank=0,slot=0
command 1276 343.0.0 ended on engine pid=140251,rank=0,slot=0
Auto thread command 1620 438.0.0 (w=0.0 aw=0.0 lp=0 grd=0) started on engine pid=140251,rank=0,slot=0
command 1729 480.0.0 ended on engine pid=140252,rank=1,slot=1
Auto thread command 1756 489.0.0 (w=0.0 aw=0.0 lp=0 grd=0) started on engine pid=140252,rank=1,slot=1
command 1620 438.0.0 ended on engine pid=140251,rank=0,slot=0
Auto thread command 3693 1157.0.0 (w=0.0 aw=0.0 lp=0 grd=0) started on engine pid=140251,rank=0,slot=0
command 3693 1157.0.0 ended on engine pid=140251,rank=0,slot=0
command 1756 489.0.0 ended on engine pid=140252,rank=1,slot=1
Auto thread command 3710 1162.0.0 (w=0.0 aw=0.0 lp=0 grd=0) started on engine pid=140251,rank=0,slot=0
command 3710 1162.0.0 ended on engine pid=140251,rank=0,slot=0
Auto thread command 1760 491.0.0 (w=0.0 aw=0.0 lp=0 grd=0) started on engine pid=140252,rank=1,slot=1
Auto thread command 3707 1161.0.0 (w=0.0 aw=0.0 lp=0 grd=0) started on engine pid=140251,rank=0,slot=0
command 3707 1161.0.0 ended on engine pid=140251,rank=0,slot=0
Auto thread command 3730 1170.0.0 (w=0.0 aw=0.0 lp=0 grd=0) started on engine pid=140251,rank=0,slot=0
command 3730 1170.0.0 ended on engine pid=140251,rank=0,slot=0
Auto thread command 3744 1174.0.0 (w=0.0 aw=0.0 lp=0 grd=0) started on engine pid=140251,rank=0,slot=0
command 3744 1174.0.0 ended on engine pid=140251,rank=0,slot=0
Auto thread command 3752 1175.0.0 (w=0.0 aw=0.0 lp=0 grd=0) started on engine pid=140251,rank=0,slot=0
command 3752 1175.0.0 ended on engine pid=140251,rank=0,slot=0
Auto thread command 3704 1160.0.0 (w=0.0 aw=0.0 lp=0 grd=0) started on engine pid=140251,rank=0,slot=0
command 1760 491.0.0 ended on engine pid=140252,rank=1,slot=1
command 3704 1160.0.0 ended on engine pid=140251,rank=0,slot=0
Auto thread command 3699 1158.0.0 (w=0.0 aw=0.0 lp=0 grd=0) started on engine pid=140252,rank=1,slot=1
Auto thread command 1736 481.0.0 (w=0.0 aw=0.0 lp=0 grd=0) started on engine pid=140251,rank=0,slot=0
command 3699 1158.0.0 ended on engine pid=140252,rank=1,slot=1
Auto thread command 3715 1164.0.0 (w=0.0 aw=0.0 lp=0 grd=0) started on engine pid=140252,rank=1,slot=1
command 3715 1164.0.0 ended on engine pid=140252,rank=1,slot=1
Auto thread command 3702 1159.0.0 (w=0.0 aw=0.0 lp=0 grd=0) started on engine pid=140252,rank=1,slot=1
command 1736 481.0.0 ended on engine pid=140251,rank=0,slot=0
command 3702 1159.0.0 ended on engine pid=140252,rank=1,slot=1
Auto thread command 1740 483.0.0 (w=0.0 aw=0.0 lp=0 grd=0) started on engine pid=140251,rank=0,slot=0
Auto thread command 3735 1172.0.0 (w=0.0 aw=0.0 lp=0 grd=0) started on engine pid=140252,rank=1,slot=1
command 3735 1172.0.0 ended on engine pid=140252,rank=1,slot=1
Auto thread command 3743 1173.0.0 (w=0.0 aw=0.0 lp=0 grd=0) started on engine pid=140252,rank=1,slot=1
command 3743 1173.0.0 ended on engine pid=140252,rank=1,slot=1
Auto thread command 3725 1168.0.0 (w=0.0 aw=0.0 lp=0 grd=0) started on engine pid=140252,rank=1,slot=1
command 1740 483.0.0 ended on engine pid=140251,rank=0,slot=0
Auto thread command 3718 1165.0.0 (w=0.0 aw=0.0 lp=0 grd=0) started on engine pid=140251,rank=0,slot=0
command 3718 1165.0.0 ended on engine pid=140251,rank=0,slot=0
command 3725 1168.0.0 ended on engine pid=140252,rank=1,slot=1
Auto thread command 3720 1166.0.0 (w=0.0 aw=0.0 lp=0 grd=0) started on engine pid=140251,rank=0,slot=0
Auto thread command 3729 1169.0.0 (w=0.0 aw=0.0 lp=0 grd=0) started on engine pid=140252,rank=1,slot=1
command 3729 1169.0.0 ended on engine pid=140252,rank=1,slot=1
Auto thread command 1618 437.0.0 (w=0.0 aw=0.0 lp=0 grd=0) started on engine pid=140252,rank=1,slot=1
command 3720 1166.0.0 ended on engine pid=140251,rank=0,slot=0
Auto thread command 3724 1167.0.0 (w=0.0 aw=0.0 lp=0 grd=0) started on engine pid=140251,rank=0,slot=0
command 3724 1167.0.0 ended on engine pid=140251,rank=0,slot=0
Auto thread command 1708 473.0.0 (w=0.0 aw=0.0 lp=0 grd=0) started on engine pid=140251,rank=0,slot=0
command 1618 437.0.0 ended on engine pid=140252,rank=1,slot=1
Auto thread command 3765 1182.0.0 (w=0.0 aw=0.0 lp=0 grd=0) started on engine pid=140252,rank=1,slot=1
command 3765 1182.0.0 ended on engine pid=140252,rank=1,slot=1
Auto thread command 3769 1183.0.0 (w=0.0 aw=0.0 lp=0 grd=0) started on engine pid=140252,rank=1,slot=1
command 3769 1183.0.0 ended on engine pid=140252,rank=1,slot=1
Auto thread command 1826 511.0.0 (w=0.0 aw=0.0 lp=0 grd=0) started on engine pid=140252,rank=1,slot=1
command 1826 511.0.0 ended on engine pid=140252,rank=1,slot=1
Auto thread command 1830 512.0.0 (w=0.0 aw=0.0 lp=0 grd=0) started on engine pid=140252,rank=1,slot=1
command 1708 473.0.0 ended on engine pid=140251,rank=0,slot=0
command 1830 512.0.0 ended on engine pid=140252,rank=1,slot=1
Auto thread command 1746 485.0.0 (w=0.0 aw=0.0 lp=0 grd=0) started on engine pid=140251,rank=0,slot=0
Auto thread command 1833 513.0.0 (w=0.0 aw=0.0 lp=0 grd=0) started on engine pid=140252,rank=1,slot=1
command 1833 513.0.0 ended on engine pid=140252,rank=1,slot=1
Auto thread command 1840 515.0.0 (w=0.0 aw=0.0 lp=0 grd=0) started on engine pid=140252,rank=1,slot=1
command 1840 515.0.0 ended on engine pid=140252,rank=1,slot=1
Auto thread command 1843 516.0.0 (w=0.0 aw=0.0 lp=0 grd=0) started on engine pid=140252,rank=1,slot=1
command 1843 516.0.0 ended on engine pid=140252,rank=1,slot=1
Auto thread command 1715 474.0.0 (w=0.0 aw=0.0 lp=0 grd=0) started on engine pid=140252,rank=1,slot=1
command 1746 485.0.0 ended on engine pid=140251,rank=0,slot=0
Auto thread command 1750 487.0.0 (w=0.0 aw=0.0 lp=0 grd=0) started on engine pid=140251,rank=0,slot=0
command 1715 474.0.0 ended on engine pid=140252,rank=1,slot=1
Auto thread command 1719 476.0.0 (w=0.0 aw=0.0 lp=0 grd=0) started on engine pid=140252,rank=1,slot=1
command 1750 487.0.0 ended on engine pid=140251,rank=0,slot=0
Auto thread command 1748 486.0.0 (w=0.0 aw=0.0 lp=0 grd=0) started on engine pid=140251,rank=0,slot=0
command 1719 476.0.0 ended on engine pid=140252,rank=1,slot=1
Auto thread command 1822 509.0.0 (w=0.0 aw=0.0 lp=0 grd=0) started on engine pid=140252,rank=1,slot=1
command 1822 509.0.0 ended on engine pid=140252,rank=1,slot=1
command 1748 486.0.0 ended on engine pid=140251,rank=0,slot=0
Auto thread command 1825 510.0.0 (w=0.0 aw=0.0 lp=0 grd=0) started on engine pid=140252,rank=1,slot=1
command 1825 510.0.0 ended on engine pid=140252,rank=1,slot=1
Auto thread command 1752 488.0.0 (w=0.0 aw=0.0 lp=0 grd=0) started on engine pid=140251,rank=0,slot=0
Auto thread command 1717 475.0.0 (w=0.0 aw=0.0 lp=0 grd=0) started on engine pid=140252,rank=1,slot=1
command 1717 475.0.0 ended on engine pid=140252,rank=1,slot=1
Auto thread command 1721 477.0.0 (w=0.0 aw=0.0 lp=0 grd=0) started on engine pid=140252,rank=1,slot=1
command 1752 488.0.0 ended on engine pid=140251,rank=0,slot=0
command 1721 477.0.0 ended on engine pid=140252,rank=1,slot=1
Auto thread command 1794 501.0.0 (w=0.0 aw=0.0 lp=0 grd=0) started on engine pid=140251,rank=0,slot=0
Auto thread command 1766 493.0.0 (w=0.0 aw=0.0 lp=0 grd=0) started on engine pid=140252,rank=1,slot=1
command 1794 501.0.0 ended on engine pid=140251,rank=0,slot=0
[2.000135s] usr=0.01s, sys=0.02s
Auto thread command 1797 502.0.0 (w=0.0 aw=0.0 lp=0 grd=0) started on engine pid=140251,rank=0,slot=0
command 1766 493.0.0 ended on engine pid=140252,rank=1,slot=1
Auto thread command 1769 494.0.0 (w=0.0 aw=0.0 lp=0 grd=0) started on engine pid=140252,rank=1,slot=1
command 1797 502.0.0 ended on engine pid=140251,rank=0,slot=0
command 1769 494.0.0 ended on engine pid=140252,rank=1,slot=1
Auto thread command 1799 503.0.0 (w=0.0 aw=0.0 lp=0 grd=0) started on engine pid=140251,rank=0,slot=0
Auto thread command 1771 495.0.0 (w=0.0 aw=0.0 lp=0 grd=0) started on engine pid=140252,rank=1,slot=1
command 1799 503.0.0 ended on engine pid=140251,rank=0,slot=0
Auto thread command 1807 504.0.0 (w=0.0 aw=0.0 lp=0 grd=0) started on engine pid=140251,rank=0,slot=0
command 1807 504.0.0 ended on engine pid=140251,rank=0,slot=0
command 1771 495.0.0 ended on engine pid=140252,rank=1,slot=1
Auto thread command 1683 464.0.0 (w=0.0 aw=0.0 lp=0 grd=0) started on engine pid=140251,rank=0,slot=0
Auto thread command 1779 496.0.0 (w=0.0 aw=0.0 lp=0 grd=0) started on engine pid=140252,rank=1,slot=1
command 1779 496.0.0 ended on engine pid=140252,rank=1,slot=1
Auto thread command 1674 462.0.0 (w=0.0 aw=0.0 lp=0 grd=0) started on engine pid=140252,rank=1,slot=1
command 1674 462.0.0 ended on engine pid=140252,rank=1,slot=1
Auto thread command 1682 463.0.0 (w=0.0 aw=0.0 lp=0 grd=0) started on engine pid=140252,rank=1,slot=1
command 1682 463.0.0 ended on engine pid=140252,rank=1,slot=1
Auto thread command 1660 457.0.0 (w=0.0 aw=0.0 lp=0 grd=0) started on engine pid=140252,rank=1,slot=1
command 1683 464.0.0 ended on engine pid=140251,rank=0,slot=0
Auto thread command 1691 465.0.0 (w=0.0 aw=0.0 lp=0 grd=0) started on engine pid=140251,rank=0,slot=0
command 1691 465.0.0 ended on engine pid=140251,rank=0,slot=0
Auto thread command 1650 454.0.0 (w=0.0 aw=0.0 lp=0 grd=0) started on engine pid=140251,rank=0,slot=0
command 1660 457.0.0 ended on engine pid=140252,rank=1,slot=1
Auto thread command 1666 459.0.0 (w=0.0 aw=0.0 lp=0 grd=0) started on engine pid=140252,rank=1,slot=1
command 1666 459.0.0 ended on engine pid=140252,rank=1,slot=1
Auto thread command 1670 460.0.0 (w=0.0 aw=0.0 lp=0 grd=0) started on engine pid=140252,rank=1,slot=1
command 1670 460.0.0 ended on engine pid=140252,rank=1,slot=1
Auto thread command 1673 461.0.0 (w=0.0 aw=0.0 lp=0 grd=0) started on engine pid=140252,rank=1,slot=1
command 1673 461.0.0 ended on engine pid=140252,rank=1,slot=1
Auto thread command 1738 482.0.0 (w=0.0 aw=0.0 lp=0 grd=0) started on engine pid=140252,rank=1,slot=1
command 1738 482.0.0 ended on engine pid=140252,rank=1,slot=1
command 1650 454.0.0 ended on engine pid=140251,rank=0,slot=0
Auto thread command 1742 484.0.0 (w=0.0 aw=0.0 lp=0 grd=0) started on engine pid=140252,rank=1,slot=1
Auto thread command 1657 455.0.0 (w=0.0 aw=0.0 lp=0 grd=0) started on engine pid=140251,rank=0,slot=0
command 1657 455.0.0 ended on engine pid=140251,rank=0,slot=0
Auto thread command 1758 490.0.0 (w=0.0 aw=0.0 lp=0 grd=0) started on engine pid=140251,rank=0,slot=0
command 1758 490.0.0 ended on engine pid=140251,rank=0,slot=0
Auto thread command 1762 492.0.0 (w=0.0 aw=0.0 lp=0 grd=0) started on engine pid=140251,rank=0,slot=0
command 1742 484.0.0 ended on engine pid=140252,rank=1,slot=1
Auto thread command 1780 497.0.0 (w=0.0 aw=0.0 lp=0 grd=0) started on engine pid=140252,rank=1,slot=1
command 1780 497.0.0 ended on engine pid=140252,rank=1,slot=1
Auto thread command 1783 498.0.0 (w=0.0 aw=0.0 lp=0 grd=0) started on engine pid=140252,rank=1,slot=1
command 1762 492.0.0 ended on engine pid=140251,rank=0,slot=0
Auto thread command 1808 505.0.0 (w=0.0 aw=0.0 lp=0 grd=0) started on engine pid=140251,rank=0,slot=0
command 1808 505.0.0 ended on engine pid=140251,rank=0,slot=0
Auto thread command 1811 506.0.0 (w=0.0 aw=0.0 lp=0 grd=0) started on engine pid=140251,rank=0,slot=0
command 1783 498.0.0 ended on engine pid=140252,rank=1,slot=1
Auto thread command 1785 499.0.0 (w=0.0 aw=0.0 lp=0 grd=0) started on engine pid=140252,rank=1,slot=1
command 1811 506.0.0 ended on engine pid=140251,rank=0,slot=0
Auto thread command 1813 507.0.0 (w=0.0 aw=0.0 lp=0 grd=0) started on engine pid=140251,rank=0,slot=0
command 1785 499.0.0 ended on engine pid=140252,rank=1,slot=1
Auto thread command 1793 500.0.0 (w=0.0 aw=0.0 lp=0 grd=0) started on engine pid=140252,rank=1,slot=1
command 1813 507.0.0 ended on engine pid=140251,rank=0,slot=0
command 1793 500.0.0 ended on engine pid=140252,rank=1,slot=1
Auto thread command 1821 508.0.0 (w=0.0 aw=0.0 lp=0 grd=0) started on engine pid=140251,rank=0,slot=0
Auto thread command 1343 360.0.0 (w=0.0 aw=0.0 lp=0 grd=0) started on engine pid=140252,rank=1,slot=1
command 1821 508.0.0 ended on engine pid=140251,rank=0,slot=0
Auto thread command 1338 359.0.0 (w=0.0 aw=0.0 lp=0 grd=0) started on engine pid=140251,rank=0,slot=0
command 1343 360.0.0 ended on engine pid=140252,rank=1,slot=1
Auto thread command 1328 357.0.0 (w=0.0 aw=0.0 lp=0 grd=0) started on engine pid=140252,rank=1,slot=1
command 1338 359.0.0 ended on engine pid=140251,rank=0,slot=0
Auto thread command 3858 1214.0.0 (w=0.0 aw=0.0 lp=0 grd=0) started on engine pid=140251,rank=0,slot=0
command 1328 357.0.0 ended on engine pid=140252,rank=1,slot=1
Auto thread command 1333 358.0.0 (w=0.0 aw=0.0 lp=0 grd=0) started on engine pid=140252,rank=1,slot=1
command 3858 1214.0.0 ended on engine pid=140251,rank=0,slot=0
Auto thread command 3852 1210.0.0 (w=0.0 aw=0.0 lp=0 grd=0) started on engine pid=140251,rank=0,slot=0
command 3852 1210.0.0 ended on engine pid=140251,rank=0,slot=0
Auto thread command 1369 366.0.0 (w=0.0 aw=0.0 lp=0 grd=0) started on engine pid=140251,rank=0,slot=0
command 1333 358.0.0 ended on engine pid=140252,rank=1,slot=1
Auto thread command 1364 365.0.0 (w=0.0 aw=0.0 lp=0 grd=0) started on engine pid=140252,rank=1,slot=1
command 1369 366.0.0 ended on engine pid=140251,rank=0,slot=0
Auto thread command 1354 363.0.0 (w=0.0 aw=0.0 lp=0 grd=0) started on engine pid=140251,rank=0,slot=0
command 1354 363.0.0 ended on engine pid=140251,rank=0,slot=0
Auto thread command 1359 364.0.0 (w=0.0 aw=0.0 lp=0 grd=0) started on engine pid=140251,rank=0,slot=0
command 1364 365.0.0 ended on engine pid=140252,rank=1,slot=1
Auto thread command 3855 1212.0.0 (w=0.0 aw=0.0 lp=0 grd=0) started on engine pid=140252,rank=1,slot=1
command 3855 1212.0.0 ended on engine pid=140252,rank=1,slot=1
Auto thread command 2264 683.0.0 (w=0.0 aw=0.0 lp=0 grd=0) started on engine pid=140252,rank=1,slot=1
command 2264 683.0.0 ended on engine pid=140252,rank=1,slot=1
Auto thread command 2261 681.0.0 (w=0.0 aw=0.0 lp=0 grd=0) started on engine pid=140252,rank=1,slot=1
command 2261 681.0.0 ended on engine pid=140252,rank=1,slot=1
Auto thread command 1400 375.0.0 (w=0.0 aw=0.0 lp=0 grd=0) started on engine pid=140252,rank=1,slot=1
command 1359 364.0.0 ended on engine pid=140251,rank=0,slot=0
Auto thread command 3875 1221.0.0 (w=0.0 aw=0.0 lp=0 grd=0) started on engine pid=140251,rank=0,slot=0
command 3875 1221.0.0 ended on engine pid=140251,rank=0,slot=0
Auto thread command 3867 1218.0.0 (w=0.0 aw=0.0 lp=0 grd=0) started on engine pid=140251,rank=0,slot=0
command 3867 1218.0.0 ended on engine pid=140251,rank=0,slot=0
Auto thread command 2307 696.0.0 (w=0.0 aw=0.0 lp=0 grd=0) started on engine pid=140251,rank=0,slot=0
command 2307 696.0.0 ended on engine pid=140251,rank=0,slot=0
command 1400 375.0.0 ended on engine pid=140252,rank=1,slot=1
Auto thread command 2310 697.0.0 (w=0.0 aw=0.0 lp=0 grd=0) started on engine pid=140251,rank=0,slot=0
Auto thread command 2207 664.0.0 (w=0.0 aw=0.0 lp=0 grd=0) started on engine pid=140252,rank=1,slot=1
command 2310 697.0.0 ended on engine pid=140251,rank=0,slot=0
Auto thread command 2315 698.0.0 (w=0.0 aw=0.0 lp=0 grd=0) started on engine pid=140251,rank=0,slot=0
command 2315 698.0.0 ended on engine pid=140251,rank=0,slot=0
command 2207 664.0.0 ended on engine pid=140252,rank=1,slot=1
Auto thread command 2338 706.0.0 (w=0.0 aw=0.0 lp=0 grd=0) started on engine pid=140251,rank=0,slot=0
Auto thread command 2317 699.0.0 (w=0.0 aw=0.0 lp=0 grd=0) started on engine pid=140252,rank=1,slot=1
command 2338 706.0.0 ended on engine pid=140251,rank=0,slot=0
Auto thread command 2365 715.0.0 (w=0.0 aw=0.0 lp=0 grd=0) started on engine pid=140251,rank=0,slot=0
command 2317 699.0.0 ended on engine pid=140252,rank=1,slot=1
Auto thread command 2355 711.0.0 (w=0.0 aw=0.0 lp=0 grd=0) started on engine pid=140252,rank=1,slot=1
command 2365 715.0.0 ended on engine pid=140251,rank=0,slot=0
command 2355 711.0.0 ended on engine pid=140252,rank=1,slot=1
Auto thread command 2369 717.0.0 (w=0.0 aw=0.0 lp=0 grd=0) started on engine pid=140251,rank=0,slot=0
command 2369 717.0.0 ended on engine pid=140251,rank=0,slot=0
Auto thread command 2359 713.0.0 (w=0.0 aw=0.0 lp=0 grd=0) started on engine pid=140252,rank=1,slot=1
Auto thread command 2367 716.0.0 (w=0.0 aw=0.0 lp=0 grd=0) started on engine pid=140251,rank=0,slot=0
command 2359 713.0.0 ended on engine pid=140252,rank=1,slot=1
Auto thread command 2324 700.0.0 (w=0.0 aw=0.0 lp=0 grd=0) started on engine pid=140252,rank=1,slot=1
command 2367 716.0.0 ended on engine pid=140251,rank=0,slot=0
Auto thread command 2371 718.0.0 (w=0.0 aw=0.0 lp=0 grd=0) started on engine pid=140251,rank=0,slot=0
command 2324 700.0.0 ended on engine pid=140252,rank=1,slot=1
Auto thread command 2328 702.0.0 (w=0.0 aw=0.0 lp=0 grd=0) started on engine pid=140252,rank=1,slot=1
command 2328 702.0.0 ended on engine pid=140252,rank=1,slot=1
Auto thread command 2326 701.0.0 (w=0.0 aw=0.0 lp=0 grd=0) started on engine pid=140252,rank=1,slot=1
command 2326 701.0.0 ended on engine pid=140252,rank=1,slot=1
command 2371 718.0.0 ended on engine pid=140251,rank=0,slot=0
Auto thread command 2330 703.0.0 (w=0.0 aw=0.0 lp=0 grd=0) started on engine pid=140252,rank=1,slot=1
Auto thread command 2417 731.0.0 (w=0.0 aw=0.0 lp=0 grd=0) started on engine pid=140251,rank=0,slot=0
command 2417 731.0.0 ended on engine pid=140251,rank=0,slot=0
Auto thread command 2420 732.0.0 (w=0.0 aw=0.0 lp=0 grd=0) started on engine pid=140251,rank=0,slot=0
command 2420 732.0.0 ended on engine pid=140251,rank=0,slot=0
Auto thread command 2422 733.0.0 (w=0.0 aw=0.0 lp=0 grd=0) started on engine pid=140251,rank=0,slot=0
command 2330 703.0.0 ended on engine pid=140252,rank=1,slot=1
Auto thread command 2375 719.0.0 (w=0.0 aw=0.0 lp=0 grd=0) started on engine pid=140252,rank=1,slot=1
command 2375 719.0.0 ended on engine pid=140252,rank=1,slot=1
Auto thread command 2378 720.0.0 (w=0.0 aw=0.0 lp=0 grd=0) started on engine pid=140252,rank=1,slot=1
command 2378 720.0.0 ended on engine pid=140252,rank=1,slot=1
command 2422 733.0.0 ended on engine pid=140251,rank=0,slot=0
Auto thread command 2380 721.0.0 (w=0.0 aw=0.0 lp=0 grd=0) started on engine pid=140252,rank=1,slot=1
Auto thread command 2430 734.0.0 (w=0.0 aw=0.0 lp=0 grd=0) started on engine pid=140251,rank=0,slot=0
command 2430 734.0.0 ended on engine pid=140251,rank=0,slot=0
Auto thread command 2357 712.0.0 (w=0.0 aw=0.0 lp=0 grd=0) started on engine pid=140251,rank=0,slot=0
command 2357 712.0.0 ended on engine pid=140251,rank=0,slot=0
command 2380 721.0.0 ended on engine pid=140252,rank=1,slot=1
Auto thread command 2361 714.0.0 (w=0.0 aw=0.0 lp=0 grd=0) started on engine pid=140251,rank=0,slot=0
Auto thread command 2388 722.0.0 (w=0.0 aw=0.0 lp=0 grd=0) started on engine pid=140252,rank=1,slot=1
command 2388 722.0.0 ended on engine pid=140252,rank=1,slot=1
Auto thread command 2345 707.0.0 (w=0.0 aw=0.0 lp=0 grd=0) started on engine pid=140252,rank=1,slot=1
command 2345 707.0.0 ended on engine pid=140252,rank=1,slot=1
command 2361 714.0.0 ended on engine pid=140251,rank=0,slot=0
Auto thread command 2349 709.0.0 (w=0.0 aw=0.0 lp=0 grd=0) started on engine pid=140252,rank=1,slot=1
Auto thread command 2403 727.0.0 (w=0.0 aw=0.0 lp=0 grd=0) started on engine pid=140251,rank=0,slot=0
command 2349 709.0.0 ended on engine pid=140252,rank=1,slot=1
Auto thread command 2347 708.0.0 (w=0.0 aw=0.0 lp=0 grd=0) started on engine pid=140252,rank=1,slot=1
command 2403 727.0.0 ended on engine pid=140251,rank=0,slot=0
command 2347 708.0.0 ended on engine pid=140252,rank=1,slot=1
Auto thread command 2406 728.0.0 (w=0.0 aw=0.0 lp=0 grd=0) started on engine pid=140251,rank=0,slot=0
command 2406 728.0.0 ended on engine pid=140251,rank=0,slot=0
Auto thread command 2351 710.0.0 (w=0.0 aw=0.0 lp=0 grd=0) started on engine pid=140252,rank=1,slot=1
Auto thread command 2408 729.0.0 (w=0.0 aw=0.0 lp=0 grd=0) started on engine pid=140251,rank=0,slot=0
command 2408 729.0.0 ended on engine pid=140251,rank=0,slot=0
Auto thread command 2416 730.0.0 (w=0.0 aw=0.0 lp=0 grd=0) started on engine pid=140251,rank=0,slot=0
command 2416 730.0.0 ended on engine pid=140251,rank=0,slot=0
Auto thread command 1624 440.0.0 (w=0.0 aw=0.0 lp=0 grd=0) started on engine pid=140251,rank=0,slot=0
command 2351 710.0.0 ended on engine pid=140252,rank=1,slot=1
Auto thread command 2389 723.0.0 (w=0.0 aw=0.0 lp=0 grd=0) started on engine pid=140252,rank=1,slot=1
command 2389 723.0.0 ended on engine pid=140252,rank=1,slot=1
Auto thread command 2392 724.0.0 (w=0.0 aw=0.0 lp=0 grd=0) started on engine pid=140252,rank=1,slot=1
command 2392 724.0.0 ended on engine pid=140252,rank=1,slot=1
Auto thread command 2394 725.0.0 (w=0.0 aw=0.0 lp=0 grd=0) started on engine pid=140252,rank=1,slot=1
command 1624 440.0.0 ended on engine pid=140251,rank=0,slot=0
Auto thread command 3775 1186.0.0 (w=0.0 aw=0.0 lp=0 grd=0) started on engine pid=140251,rank=0,slot=0
command 2394 725.0.0 ended on engine pid=140252,rank=1,slot=1
Auto thread command 2402 726.0.0 (w=0.0 aw=0.0 lp=0 grd=0) started on engine pid=140252,rank=1,slot=1
command 2402 726.0.0 ended on engine pid=140252,rank=1,slot=1
Auto thread command 1622 439.0.0 (w=0.0 aw=0.0 lp=0 grd=0) started on engine pid=140252,rank=1,slot=1
command 3775 1186.0.0 ended on engine pid=140251,rank=0,slot=0
Auto thread command 3792 1191.0.0 (w=0.0 aw=0.0 lp=0 grd=0) started on engine pid=140251,rank=0,slot=0
command 3792 1191.0.0 ended on engine pid=140251,rank=0,slot=0
Auto thread command 3789 1190.0.0 (w=0.0 aw=0.0 lp=0 grd=0) started on engine pid=140251,rank=0,slot=0
command 3789 1190.0.0 ended on engine pid=140251,rank=0,slot=0
Auto thread command 3812 1199.0.0 (w=0.0 aw=0.0 lp=0 grd=0) started on engine pid=140251,rank=0,slot=0
command 3812 1199.0.0 ended on engine pid=140251,rank=0,slot=0
Auto thread command 3826 1203.0.0 (w=0.0 aw=0.0 lp=0 grd=0) started on engine pid=140251,rank=0,slot=0
command 3826 1203.0.0 ended on engine pid=140251,rank=0,slot=0
Auto thread command 3834 1204.0.0 (w=0.0 aw=0.0 lp=0 grd=0) started on engine pid=140251,rank=0,slot=0
command 3834 1204.0.0 ended on engine pid=140251,rank=0,slot=0
Auto thread command 3786 1189.0.0 (w=0.0 aw=0.0 lp=0 grd=0) started on engine pid=140251,rank=0,slot=0
command 3786 1189.0.0 ended on engine pid=140251,rank=0,slot=0
Auto thread command 3781 1187.0.0 (w=0.0 aw=0.0 lp=0 grd=0) started on engine pid=140251,rank=0,slot=0
command 3781 1187.0.0 ended on engine pid=140251,rank=0,slot=0
Auto thread command 3797 1193.0.0 (w=0.0 aw=0.0 lp=0 grd=0) started on engine pid=140251,rank=0,slot=0
command 3797 1193.0.0 ended on engine pid=140251,rank=0,slot=0
command 1622 439.0.0 ended on engine pid=140252,rank=1,slot=1
Auto thread command 3784 1188.0.0 (w=0.0 aw=0.0 lp=0 grd=0) started on engine pid=140251,rank=0,slot=0
command 3784 1188.0.0 ended on engine pid=140251,rank=0,slot=0
Auto thread command 3878 1222.0.0 (w=0.0 aw=0.0 lp=0 grd=0) started on engine pid=140252,rank=1,slot=1
Auto thread command 3817 1201.0.0 (w=0.0 aw=0.0 lp=0 grd=0) started on engine pid=140251,rank=0,slot=0
command 3878 1222.0.0 ended on engine pid=140252,rank=1,slot=1
command 3817 1201.0.0 ended on engine pid=140251,rank=0,slot=0
Auto thread command 3882 1223.0.0 (w=0.0 aw=0.0 lp=0 grd=0) started on engine pid=140252,rank=1,slot=1
command 3882 1223.0.0 ended on engine pid=140252,rank=1,slot=1
Auto thread command 3825 1202.0.0 (w=0.0 aw=0.0 lp=0 grd=0) started on engine pid=140251,rank=0,slot=0
Auto thread command 3807 1197.0.0 (w=0.0 aw=0.0 lp=0 grd=0) started on engine pid=140252,rank=1,slot=1
command 3825 1202.0.0 ended on engine pid=140251,rank=0,slot=0
Auto thread command 3800 1194.0.0 (w=0.0 aw=0.0 lp=0 grd=0) started on engine pid=140251,rank=0,slot=0
command 3800 1194.0.0 ended on engine pid=140251,rank=0,slot=0
Auto thread command 3802 1195.0.0 (w=0.0 aw=0.0 lp=0 grd=0) started on engine pid=140251,rank=0,slot=0
command 3802 1195.0.0 ended on engine pid=140251,rank=0,slot=0
Auto thread command 3806 1196.0.0 (w=0.0 aw=0.0 lp=0 grd=0) started on engine pid=140251,rank=0,slot=0
command 3807 1197.0.0 ended on engine pid=140252,rank=1,slot=1
command 3806 1196.0.0 ended on engine pid=140251,rank=0,slot=0
Auto thread command 3811 1198.0.0 (w=0.0 aw=0.0 lp=0 grd=0) started on engine pid=140252,rank=1,slot=1
Auto thread command 3862 1216.0.0 (w=0.0 aw=0.0 lp=0 grd=0) started on engine pid=140251,rank=0,slot=0
command 3811 1198.0.0 ended on engine pid=140252,rank=1,slot=1
Auto thread command 3770 1184.0.0 (w=0.0 aw=0.0 lp=0 grd=0) started on engine pid=140252,rank=1,slot=1
command 3770 1184.0.0 ended on engine pid=140252,rank=1,slot=1
Auto thread command 3774 1185.0.0 (w=0.0 aw=0.0 lp=0 grd=0) started on engine pid=140252,rank=1,slot=1
command 3774 1185.0.0 ended on engine pid=140252,rank=1,slot=1
Auto thread command 2136 626.0.0 (w=0.0 aw=0.0 lp=0 grd=0) started on engine pid=140252,rank=1,slot=1
command 3862 1216.0.0 ended on engine pid=140251,rank=0,slot=0
command 2136 626.0.0 ended on engine pid=140252,rank=1,slot=1
Auto thread command 3866 1217.0.0 (w=0.0 aw=0.0 lp=0 grd=0) started on engine pid=140251,rank=0,slot=0
command 3866 1217.0.0 ended on engine pid=140251,rank=0,slot=0
Auto thread command 2140 627.0.0 (w=0.0 aw=0.0 lp=0 grd=0) started on engine pid=140252,rank=1,slot=1
Auto thread command 2132 624.0.0 (w=0.0 aw=0.0 lp=0 grd=0) started on engine pid=140251,rank=0,slot=0
command 2140 627.0.0 ended on engine pid=140252,rank=1,slot=1
Auto thread command 2143 628.0.0 (w=0.0 aw=0.0 lp=0 grd=0) started on engine pid=140252,rank=1,slot=1
command 2143 628.0.0 ended on engine pid=140252,rank=1,slot=1
Auto thread command 2150 630.0.0 (w=0.0 aw=0.0 lp=0 grd=0) started on engine pid=140252,rank=1,slot=1
command 2132 624.0.0 ended on engine pid=140251,rank=0,slot=0
Auto thread command 2135 625.0.0 (w=0.0 aw=0.0 lp=0 grd=0) started on engine pid=140251,rank=0,slot=0
command 2135 625.0.0 ended on engine pid=140251,rank=0,slot=0
Auto thread command 1937 563.0.0 (w=0.0 aw=0.0 lp=0 grd=0) started on engine pid=140251,rank=0,slot=0
command 2150 630.0.0 ended on engine pid=140252,rank=1,slot=1
Auto thread command 2153 631.0.0 (w=0.0 aw=0.0 lp=0 grd=0) started on engine pid=140252,rank=1,slot=1
command 2153 631.0.0 ended on engine pid=140252,rank=1,slot=1
Auto thread command 1899 550.0.0 (w=0.0 aw=0.0 lp=0 grd=0) started on engine pid=140252,rank=1,slot=1
command 1899 550.0.0 ended on engine pid=140252,rank=1,slot=1
command 1937 563.0.0 ended on engine pid=140251,rank=0,slot=0
Auto thread command 1917 556.0.0 (w=0.0 aw=0.0 lp=0 grd=0) started on engine pid=140252,rank=1,slot=1
Auto thread command 1945 564.0.0 (w=0.0 aw=0.0 lp=0 grd=0) started on engine pid=140251,rank=0,slot=0
command 1945 564.0.0 ended on engine pid=140251,rank=0,slot=0
Auto thread command 1911 554.0.0 (w=0.0 aw=0.0 lp=0 grd=0) started on engine pid=140251,rank=0,slot=0
command 1917 556.0.0 ended on engine pid=140252,rank=1,slot=1
Auto thread command 1955 570.0.0 (w=0.0 aw=0.0 lp=0 grd=0) started on engine pid=140252,rank=1,slot=1
command 1911 554.0.0 ended on engine pid=140251,rank=0,slot=0
Auto thread command 1952 569.0.0 (w=0.0 aw=0.0 lp=0 grd=0) started on engine pid=140251,rank=0,slot=0
command 1955 570.0.0 ended on engine pid=140252,rank=1,slot=1
command 1952 569.0.0 ended on engine pid=140251,rank=0,slot=0
Auto thread command 1975 576.0.0 (w=0.0 aw=0.0 lp=0 grd=0) started on engine pid=140252,rank=1,slot=1
Auto thread command 1964 573.0.0 (w=0.0 aw=0.0 lp=0 grd=0) started on engine pid=140251,rank=0,slot=0
command 1975 576.0.0 ended on engine pid=140252,rank=1,slot=1
command 1964 573.0.0 ended on engine pid=140251,rank=0,slot=0
Auto thread command 1977 577.0.0 (w=0.0 aw=0.0 lp=0 grd=0) started on engine pid=140252,rank=1,slot=1
Auto thread command 1966 574.0.0 (w=0.0 aw=0.0 lp=0 grd=0) started on engine pid=140251,rank=0,slot=0
command 1966 574.0.0 ended on engine pid=140251,rank=0,slot=0
command 1977 577.0.0 ended on engine pid=140252,rank=1,slot=1
Auto thread command 1974 575.0.0 (w=0.0 aw=0.0 lp=0 grd=0) started on engine pid=140251,rank=0,slot=0
command 1974 575.0.0 ended on engine pid=140251,rank=0,slot=0
Auto thread command 1985 578.0.0 (w=0.0 aw=0.0 lp=0 grd=0) started on engine pid=140252,rank=1,slot=1
command 1985 578.0.0 ended on engine pid=140252,rank=1,slot=1
Auto thread command 1905 552.0.0 (w=0.0 aw=0.0 lp=0 grd=0) started on engine pid=140251,rank=0,slot=0
Auto thread command 1889 547.0.0 (w=0.0 aw=0.0 lp=0 grd=0) started on engine pid=140252,rank=1,slot=1
command 1905 552.0.0 ended on engine pid=140251,rank=0,slot=0
Auto thread command 1933 561.0.0 (w=0.0 aw=0.0 lp=0 grd=0) started on engine pid=140251,rank=0,slot=0
command 1933 561.0.0 ended on engine pid=140251,rank=0,slot=0
Auto thread command 1936 562.0.0 (w=0.0 aw=0.0 lp=0 grd=0) started on engine pid=140251,rank=0,slot=0
command 1936 562.0.0 ended on engine pid=140251,rank=0,slot=0
Auto thread command 1929 560.0.0 (w=0.0 aw=0.0 lp=0 grd=0) started on engine pid=140251,rank=0,slot=0
command 1929 560.0.0 ended on engine pid=140251,rank=0,slot=0
Auto thread command 1961 572.0.0 (w=0.0 aw=0.0 lp=0 grd=0) started on engine pid=140251,rank=0,slot=0
command 1961 572.0.0 ended on engine pid=140251,rank=0,slot=0
Auto thread command 1999 583.0.0 (w=0.0 aw=0.0 lp=0 grd=0) started on engine pid=140251,rank=0,slot=0
command 1999 583.0.0 ended on engine pid=140251,rank=0,slot=0
Auto thread command 2007 584.0.0 (w=0.0 aw=0.0 lp=0 grd=0) started on engine pid=140251,rank=0,slot=0
command 2007 584.0.0 ended on engine pid=140251,rank=0,slot=0
Auto thread command 1923 558.0.0 (w=0.0 aw=0.0 lp=0 grd=0) started on engine pid=140251,rank=0,slot=0
command 1923 558.0.0 ended on engine pid=140251,rank=0,slot=0
Auto thread command 1958 571.0.0 (w=0.0 aw=0.0 lp=0 grd=0) started on engine pid=140251,rank=0,slot=0
command 1958 571.0.0 ended on engine pid=140251,rank=0,slot=0
command 1889 547.0.0 ended on engine pid=140252,rank=1,slot=1
Auto thread command 1988 580.0.0 (w=0.0 aw=0.0 lp=0 grd=0) started on engine pid=140251,rank=0,slot=0
Auto thread command 1896 548.0.0 (w=0.0 aw=0.0 lp=0 grd=0) started on engine pid=140252,rank=1,slot=1
command 1896 548.0.0 ended on engine pid=140252,rank=1,slot=1
Auto thread command 1395 374.0.0 (w=0.0 aw=0.0 lp=0 grd=0) started on engine pid=140252,rank=1,slot=1
command 1988 580.0.0 ended on engine pid=140251,rank=0,slot=0
Auto thread command 1996 581.0.0 (w=0.0 aw=0.0 lp=0 grd=0) started on engine pid=140251,rank=0,slot=0
command 1996 581.0.0 ended on engine pid=140251,rank=0,slot=0
Auto thread command 1385 372.0.0 (w=0.0 aw=0.0 lp=0 grd=0) started on engine pid=140251,rank=0,slot=0
command 1385 372.0.0 ended on engine pid=140251,rank=0,slot=0
Auto thread command 1390 373.0.0 (w=0.0 aw=0.0 lp=0 grd=0) started on engine pid=140251,rank=0,slot=0
command 1395 374.0.0 ended on engine pid=140252,rank=1,slot=1
Auto thread command 1426 381.0.0 (w=0.0 aw=0.0 lp=0 grd=0) started on engine pid=140252,rank=1,slot=1
command 1390 373.0.0 ended on engine pid=140251,rank=0,slot=0
Auto thread command 1421 380.0.0 (w=0.0 aw=0.0 lp=0 grd=0) started on engine pid=140251,rank=0,slot=0
command 1426 381.0.0 ended on engine pid=140252,rank=1,slot=1
Auto thread command 1411 378.0.0 (w=0.0 aw=0.0 lp=0 grd=0) started on engine pid=140252,rank=1,slot=1
command 1411 378.0.0 ended on engine pid=140252,rank=1,slot=1
Auto thread command 1416 379.0.0 (w=0.0 aw=0.0 lp=0 grd=0) started on engine pid=140252,rank=1,slot=1
command 1416 379.0.0 ended on engine pid=140252,rank=1,slot=1
command 1421 380.0.0 ended on engine pid=140251,rank=0,slot=0
Auto thread command 2546 781.0.0 (w=0.0 aw=0.0 lp=0 grd=0) started on engine pid=140252,rank=1,slot=1
command 2546 781.0.0 ended on engine pid=140252,rank=1,slot=1
Auto thread command 3968 1251.0.0 (w=0.0 aw=0.0 lp=0 grd=0) started on engine pid=140251,rank=0,slot=0
Auto thread command 1628 442.0.0 (w=0.0 aw=0.0 lp=0 grd=0) started on engine pid=140252,rank=1,slot=1
command 1628 442.0.0 ended on engine pid=140252,rank=1,slot=1
command 3968 1251.0.0 ended on engine pid=140251,rank=0,slot=0
Auto thread command 3888 1226.0.0 (w=0.0 aw=0.0 lp=0 grd=0) started on engine pid=140252,rank=1,slot=1
Auto thread command 1626 441.0.0 (w=0.0 aw=0.0 lp=0 grd=0) started on engine pid=140251,rank=0,slot=0
command 3888 1226.0.0 ended on engine pid=140252,rank=1,slot=1
Auto thread command 3910 1233.0.0 (w=0.0 aw=0.0 lp=0 grd=0) started on engine pid=140252,rank=1,slot=1
command 3910 1233.0.0 ended on engine pid=140252,rank=1,slot=1
Auto thread command 3905 1231.0.0 (w=0.0 aw=0.0 lp=0 grd=0) started on engine pid=140252,rank=1,slot=1
command 3905 1231.0.0 ended on engine pid=140252,rank=1,slot=1
Auto thread command 3902 1230.0.0 (w=0.0 aw=0.0 lp=0 grd=0) started on engine pid=140252,rank=1,slot=1
command 3902 1230.0.0 ended on engine pid=140252,rank=1,slot=1
Auto thread command 3928 1240.0.0 (w=0.0 aw=0.0 lp=0 grd=0) started on engine pid=140252,rank=1,slot=1
command 3928 1240.0.0 ended on engine pid=140252,rank=1,slot=1
Auto thread command 3942 1244.0.0 (w=0.0 aw=0.0 lp=0 grd=0) started on engine pid=140252,rank=1,slot=1
command 3942 1244.0.0 ended on engine pid=140252,rank=1,slot=1
Auto thread command 3950 1245.0.0 (w=0.0 aw=0.0 lp=0 grd=0) started on engine pid=140252,rank=1,slot=1
command 3950 1245.0.0 ended on engine pid=140252,rank=1,slot=1
Auto thread command 3897 1228.0.0 (w=0.0 aw=0.0 lp=0 grd=0) started on engine pid=140252,rank=1,slot=1
command 3897 1228.0.0 ended on engine pid=140252,rank=1,slot=1
Auto thread command 3933 1242.0.0 (w=0.0 aw=0.0 lp=0 grd=0) started on engine pid=140252,rank=1,slot=1
command 1626 441.0.0 ended on engine pid=140251,rank=0,slot=0
command 3933 1242.0.0 ended on engine pid=140252,rank=1,slot=1
Auto thread command 3979 1256.0.0 (w=0.0 aw=0.0 lp=0 grd=0) started on engine pid=140251,rank=0,slot=0
Auto thread command 3941 1243.0.0 (w=0.0 aw=0.0 lp=0 grd=0) started on engine pid=140252,rank=1,slot=1
command 3941 1243.0.0 ended on engine pid=140252,rank=1,slot=1
Auto thread command 3969 1252.0.0 (w=0.0 aw=0.0 lp=0 grd=0) started on engine pid=140252,rank=1,slot=1
command 3979 1256.0.0 ended on engine pid=140251,rank=0,slot=0
Auto thread command 3983 1257.0.0 (w=0.0 aw=0.0 lp=0 grd=0) started on engine pid=140251,rank=0,slot=0
command 3983 1257.0.0 ended on engine pid=140251,rank=0,slot=0
Auto thread command 3883 1224.0.0 (w=0.0 aw=0.0 lp=0 grd=0) started on engine pid=140251,rank=0,slot=0
command 3883 1224.0.0 ended on engine pid=140251,rank=0,slot=0
Auto thread command 3887 1225.0.0 (w=0.0 aw=0.0 lp=0 grd=0) started on engine pid=140251,rank=0,slot=0
command 3887 1225.0.0 ended on engine pid=140251,rank=0,slot=0
Auto thread command 3870 1219.0.0 (w=0.0 aw=0.0 lp=0 grd=0) started on engine pid=140251,rank=0,slot=0
command 3969 1252.0.0 ended on engine pid=140252,rank=1,slot=1
Auto thread command 3973 1253.0.0 (w=0.0 aw=0.0 lp=0 grd=0) started on engine pid=140252,rank=1,slot=1
command 3973 1253.0.0 ended on engine pid=140252,rank=1,slot=1
Auto thread command 3835 1205.0.0 (w=0.0 aw=0.0 lp=0 grd=0) started on engine pid=140252,rank=1,slot=1
command 3870 1219.0.0 ended on engine pid=140251,rank=0,slot=0
Auto thread command 3874 1220.0.0 (w=0.0 aw=0.0 lp=0 grd=0) started on engine pid=140251,rank=0,slot=0
command 3874 1220.0.0 ended on engine pid=140251,rank=0,slot=0
Auto thread command 2435 737.0.0 (w=0.0 aw=0.0 lp=0 grd=0) started on engine pid=140251,rank=0,slot=0
command 2435 737.0.0 ended on engine pid=140251,rank=0,slot=0
Auto thread command 2439 738.0.0 (w=0.0 aw=0.0 lp=0 grd=0) started on engine pid=140251,rank=0,slot=0
command 2439 738.0.0 ended on engine pid=140251,rank=0,slot=0
Auto thread command 2442 739.0.0 (w=0.0 aw=0.0 lp=0 grd=0) started on engine pid=140251,rank=0,slot=0
command 2442 739.0.0 ended on engine pid=140251,rank=0,slot=0
Auto thread command 2449 741.0.0 (w=0.0 aw=0.0 lp=0 grd=0) started on engine pid=140251,rank=0,slot=0
command 3835 1205.0.0 ended on engine pid=140252,rank=1,slot=1
Auto thread command 3839 1206.0.0 (w=0.0 aw=0.0 lp=0 grd=0) started on engine pid=140252,rank=1,slot=1
command 2449 741.0.0 ended on engine pid=140251,rank=0,slot=0
Auto thread command 2452 742.0.0 (w=0.0 aw=0.0 lp=0 grd=0) started on engine pid=140251,rank=0,slot=0
command 2452 742.0.0 ended on engine pid=140251,rank=0,slot=0
Auto thread command 2431 735.0.0 (w=0.0 aw=0.0 lp=0 grd=0) started on engine pid=140251,rank=0,slot=0
command 2431 735.0.0 ended on engine pid=140251,rank=0,slot=0
Auto thread command 2434 736.0.0 (w=0.0 aw=0.0 lp=0 grd=0) started on engine pid=140251,rank=0,slot=0
command 2434 736.0.0 ended on engine pid=140251,rank=0,slot=0
Auto thread command 2250 678.0.0 (w=0.0 aw=0.0 lp=0 grd=0) started on engine pid=140251,rank=0,slot=0
command 3839 1206.0.0 ended on engine pid=140252,rank=1,slot=1
Auto thread command 3841 1207.0.0 (w=0.0 aw=0.0 lp=0 grd=0) started on engine pid=140252,rank=1,slot=1
command 3841 1207.0.0 ended on engine pid=140252,rank=1,slot=1
Auto thread command 3849 1208.0.0 (w=0.0 aw=0.0 lp=0 grd=0) started on engine pid=140252,rank=1,slot=1
command 3849 1208.0.0 ended on engine pid=140252,rank=1,slot=1
command 2250 678.0.0 ended on engine pid=140251,rank=0,slot=0
Auto thread command 2241 676.0.0 (w=0.0 aw=0.0 lp=0 grd=0) started on engine pid=140252,rank=1,slot=1
Auto thread command 2258 679.0.0 (w=0.0 aw=0.0 lp=0 grd=0) started on engine pid=140251,rank=0,slot=0
command 2258 679.0.0 ended on engine pid=140251,rank=0,slot=0
Auto thread command 2209 665.0.0 (w=0.0 aw=0.0 lp=0 grd=0) started on engine pid=140251,rank=0,slot=0
command 2241 676.0.0 ended on engine pid=140252,rank=1,slot=1
Auto thread command 2249 677.0.0 (w=0.0 aw=0.0 lp=0 grd=0) started on engine pid=140252,rank=1,slot=1
command 2249 677.0.0 ended on engine pid=140252,rank=1,slot=1
command 2209 665.0.0 ended on engine pid=140251,rank=0,slot=0
Auto thread command 2199 662.0.0 (w=0.0 aw=0.0 lp=0 grd=0) started on engine pid=140252,rank=1,slot=1
Auto thread command 2221 669.0.0 (w=0.0 aw=0.0 lp=0 grd=0) started on engine pid=140251,rank=0,slot=0
command 2221 669.0.0 ended on engine pid=140251,rank=0,slot=0
Auto thread command 2265 684.0.0 (w=0.0 aw=0.0 lp=0 grd=0) started on engine pid=140251,rank=0,slot=0
command 2265 684.0.0 ended on engine pid=140251,rank=0,slot=0
Auto thread command 2274 687.0.0 (w=0.0 aw=0.0 lp=0 grd=0) started on engine pid=140251,rank=0,slot=0
command 2274 687.0.0 ended on engine pid=140251,rank=0,slot=0
command 2199 662.0.0 ended on engine pid=140252,rank=1,slot=1
Auto thread command 2276 688.0.0 (w=0.0 aw=0.0 lp=0 grd=0) started on engine pid=140251,rank=0,slot=0
Auto thread command 2206 663.0.0 (w=0.0 aw=0.0 lp=0 grd=0) started on engine pid=140252,rank=1,slot=1
command 2206 663.0.0 ended on engine pid=140252,rank=1,slot=1
Auto thread command 2215 667.0.0 (w=0.0 aw=0.0 lp=0 grd=0) started on engine pid=140252,rank=1,slot=1
command 2215 667.0.0 ended on engine pid=140252,rank=1,slot=1
Auto thread command 2237 674.0.0 (w=0.0 aw=0.0 lp=0 grd=0) started on engine pid=140252,rank=1,slot=1
command 2237 674.0.0 ended on engine pid=140252,rank=1,slot=1
Auto thread command 2240 675.0.0 (w=0.0 aw=0.0 lp=0 grd=0) started on engine pid=140252,rank=1,slot=1
command 2240 675.0.0 ended on engine pid=140252,rank=1,slot=1
command 2276 688.0.0 ended on engine pid=140251,rank=0,slot=0
Auto thread command 2233 673.0.0 (w=0.0 aw=0.0 lp=0 grd=0) started on engine pid=140252,rank=1,slot=1
Auto thread command 2284 689.0.0 (w=0.0 aw=0.0 lp=0 grd=0) started on engine pid=140251,rank=0,slot=0
command 2233 673.0.0 ended on engine pid=140252,rank=1,slot=1
command 2284 689.0.0 ended on engine pid=140251,rank=0,slot=0
Auto thread command 2271 686.0.0 (w=0.0 aw=0.0 lp=0 grd=0) started on engine pid=140252,rank=1,slot=1
Auto thread command 2227 671.0.0 (w=0.0 aw=0.0 lp=0 grd=0) started on engine pid=140251,rank=0,slot=0
command 2271 686.0.0 ended on engine pid=140252,rank=1,slot=1
command 2227 671.0.0 ended on engine pid=140251,rank=0,slot=0
Auto thread command 2298 694.0.0 (w=0.0 aw=0.0 lp=0 grd=0) started on engine pid=140252,rank=1,slot=1
Auto thread command 2268 685.0.0 (w=0.0 aw=0.0 lp=0 grd=0) started on engine pid=140251,rank=0,slot=0
command 2268 685.0.0 ended on engine pid=140251,rank=0,slot=0
command 2298 694.0.0 ended on engine pid=140252,rank=1,slot=1
Auto thread command 2287 691.0.0 (w=0.0 aw=0.0 lp=0 grd=0) started on engine pid=140251,rank=0,slot=0
Auto thread command 2306 695.0.0 (w=0.0 aw=0.0 lp=0 grd=0) started on engine pid=140252,rank=1,slot=1
command 2306 695.0.0 ended on engine pid=140252,rank=1,slot=1
Auto thread command 3923 1238.0.0 (w=0.0 aw=0.0 lp=0 grd=0) started on engine pid=140252,rank=1,slot=1
command 2287 691.0.0 ended on engine pid=140251,rank=0,slot=0
command 3923 1238.0.0 ended on engine pid=140252,rank=1,slot=1
Auto thread command 2295 692.0.0 (w=0.0 aw=0.0 lp=0 grd=0) started on engine pid=140251,rank=0,slot=0
command 2295 692.0.0 ended on engine pid=140251,rank=0,slot=0
Auto thread command 3927 1239.0.0 (w=0.0 aw=0.0 lp=0 grd=0) started on engine pid=140252,rank=1,slot=1
Auto thread command 3894 1227.0.0 (w=0.0 aw=0.0 lp=0 grd=0) started on engine pid=140251,rank=0,slot=0
command 3927 1239.0.0 ended on engine pid=140252,rank=1,slot=1
Auto thread command 1452 387.0.0 (w=0.0 aw=0.0 lp=0 grd=0) started on engine pid=140252,rank=1,slot=1
command 3894 1227.0.0 ended on engine pid=140251,rank=0,slot=0
Auto thread command 3913 1234.0.0 (w=0.0 aw=0.0 lp=0 grd=0) started on engine pid=140251,rank=0,slot=0
command 3913 1234.0.0 ended on engine pid=140251,rank=0,slot=0
Auto thread command 3916 1235.0.0 (w=0.0 aw=0.0 lp=0 grd=0) started on engine pid=140251,rank=0,slot=0
command 3916 1235.0.0 ended on engine pid=140251,rank=0,slot=0
Auto thread command 3918 1236.0.0 (w=0.0 aw=0.0 lp=0 grd=0) started on engine pid=140251,rank=0,slot=0
command 1452 387.0.0 ended on engine pid=140252,rank=1,slot=1
Auto thread command 1447 386.0.0 (w=0.0 aw=0.0 lp=0 grd=0) started on engine pid=140252,rank=1,slot=1
command 3918 1236.0.0 ended on engine pid=140251,rank=0,slot=0
Auto thread command 3922 1237.0.0 (w=0.0 aw=0.0 lp=0 grd=0) started on engine pid=140251,rank=0,slot=0
command 3922 1237.0.0 ended on engine pid=140251,rank=0,slot=0
Auto thread command 1437 384.0.0 (w=0.0 aw=0.0 lp=0 grd=0) started on engine pid=140251,rank=0,slot=0
command 1447 386.0.0 ended on engine pid=140252,rank=1,slot=1
Auto thread command 1478 393.0.0 (w=0.0 aw=0.0 lp=0 grd=0) started on engine pid=140252,rank=1,slot=1
command 1478 393.0.0 ended on engine pid=140252,rank=1,slot=1
Auto thread command 1473 392.0.0 (w=0.0 aw=0.0 lp=0 grd=0) started on engine pid=140252,rank=1,slot=1
command 1437 384.0.0 ended on engine pid=140251,rank=0,slot=0
Auto thread command 1442 385.0.0 (w=0.0 aw=0.0 lp=0 grd=0) started on engine pid=140251,rank=0,slot=0
command 1473 392.0.0 ended on engine pid=140252,rank=1,slot=1
Auto thread command 3644 1124.0.0 (w=0.0 aw=0.0 lp=0 grd=0) started on engine pid=140252,rank=1,slot=1
command 3644 1124.0.0 ended on engine pid=140252,rank=1,slot=1
Auto thread command 3641 1122.0.0 (w=0.0 aw=0.0 lp=0 grd=0) started on engine pid=140252,rank=1,slot=1
command 3641 1122.0.0 ended on engine pid=140252,rank=1,slot=1
Auto thread command 3638 1120.0.0 (w=0.0 aw=0.0 lp=0 grd=0) started on engine pid=140252,rank=1,slot=1
command 1442 385.0.0 ended on engine pid=140251,rank=0,slot=0
command 3638 1120.0.0 ended on engine pid=140252,rank=1,slot=1
Auto thread command 3635 1118.0.0 (w=0.0 aw=0.0 lp=0 grd=0) started on engine pid=140251,rank=0,slot=0
Auto thread command 3602 1096.0.0 (w=0.0 aw=0.0 lp=0 grd=0) started on engine pid=140252,rank=1,slot=1
command 3602 1096.0.0 ended on engine pid=140252,rank=1,slot=1
command 3635 1118.0.0 ended on engine pid=140251,rank=0,slot=0
Auto thread command 3599 1094.0.0 (w=0.0 aw=0.0 lp=0 grd=0) started on engine pid=140252,rank=1,slot=1
command 3599 1094.0.0 ended on engine pid=140252,rank=1,slot=1
Auto thread command 3596 1092.0.0 (w=0.0 aw=0.0 lp=0 grd=0) started on engine pid=140251,rank=0,slot=0
Auto thread command 3593 1090.0.0 (w=0.0 aw=0.0 lp=0 grd=0) started on engine pid=140252,rank=1,slot=1
command 3593 1090.0.0 ended on engine pid=140252,rank=1,slot=1
command 3596 1092.0.0 ended on engine pid=140251,rank=0,slot=0
Auto thread command 1463 390.0.0 (w=0.0 aw=0.0 lp=0 grd=0) started on engine pid=140252,rank=1,slot=1
Auto thread command 1504 399.0.0 (w=0.0 aw=0.0 lp=0 grd=0) started on engine pid=140251,rank=0,slot=0
command 1504 399.0.0 ended on engine pid=140251,rank=0,slot=0
Auto thread command 1499 398.0.0 (w=0.0 aw=0.0 lp=0 grd=0) started on engine pid=140251,rank=0,slot=0
command 1463 390.0.0 ended on engine pid=140252,rank=1,slot=1
Auto thread command 1468 391.0.0 (w=0.0 aw=0.0 lp=0 grd=0) started on engine pid=140252,rank=1,slot=1
command 1499 398.0.0 ended on engine pid=140251,rank=0,slot=0
Auto thread command 1489 396.0.0 (w=0.0 aw=0.0 lp=0 grd=0) started on engine pid=140251,rank=0,slot=0
command 1468 391.0.0 ended on engine pid=140252,rank=1,slot=1
command 1489 396.0.0 ended on engine pid=140251,rank=0,slot=0
Auto thread command 2797 852.0.0 (w=0.0 aw=0.0 lp=0 grd=0) started on engine pid=140252,rank=1,slot=1
Auto thread command 1494 397.0.0 (w=0.0 aw=0.0 lp=0 grd=0) started on engine pid=140251,rank=0,slot=0
command 2797 852.0.0 ended on engine pid=140252,rank=1,slot=1
Auto thread command 1632 444.0.0 (w=0.0 aw=0.0 lp=0 grd=0) started on engine pid=140252,rank=1,slot=1
command 1632 444.0.0 ended on engine pid=140252,rank=1,slot=1
command 1494 397.0.0 ended on engine pid=140251,rank=0,slot=0
Auto thread command 3989 1260.0.0 (w=0.0 aw=0.0 lp=0 grd=0) started on engine pid=140252,rank=1,slot=1
Auto thread command 1630 443.0.0 (w=0.0 aw=0.0 lp=0 grd=0) started on engine pid=140251,rank=0,slot=0
command 1630 443.0.0 ended on engine pid=140251,rank=0,slot=0
command 3989 1260.0.0 ended on engine pid=140252,rank=1,slot=1
Auto thread command 4064 1283.0.0 (w=0.0 aw=0.0 lp=0 grd=0) started on engine pid=140251,rank=0,slot=0
Auto thread command 4006 1265.0.0 (w=0.0 aw=0.0 lp=0 grd=0) started on engine pid=140252,rank=1,slot=1
command 4006 1265.0.0 ended on engine pid=140252,rank=1,slot=1
Auto thread command 4074 1287.0.0 (w=0.0 aw=0.0 lp=0 grd=0) started on engine pid=140252,rank=1,slot=1
command 4064 1283.0.0 ended on engine pid=140251,rank=0,slot=0
Auto thread command 4068 1284.0.0 (w=0.0 aw=0.0 lp=0 grd=0) started on engine pid=140251,rank=0,slot=0
command 4068 1284.0.0 ended on engine pid=140251,rank=0,slot=0
Auto thread command 4003 1264.0.0 (w=0.0 aw=0.0 lp=0 grd=0) started on engine pid=140251,rank=0,slot=0
command 4003 1264.0.0 ended on engine pid=140251,rank=0,slot=0
command 4074 1287.0.0 ended on engine pid=140252,rank=1,slot=1
Auto thread command 4026 1273.0.0 (w=0.0 aw=0.0 lp=0 grd=0) started on engine pid=140251,rank=0,slot=0
command 4026 1273.0.0 ended on engine pid=140251,rank=0,slot=0
Auto thread command 4078 1288.0.0 (w=0.0 aw=0.0 lp=0 grd=0) started on engine pid=140252,rank=1,slot=1
command 4078 1288.0.0 ended on engine pid=140252,rank=1,slot=1
Auto thread command 4040 1277.0.0 (w=0.0 aw=0.0 lp=0 grd=0) started on engine pid=140251,rank=0,slot=0
Auto thread command 4000 1263.0.0 (w=0.0 aw=0.0 lp=0 grd=0) started on engine pid=140252,rank=1,slot=1
command 4000 1263.0.0 ended on engine pid=140252,rank=1,slot=1
command 4040 1277.0.0 ended on engine pid=140251,rank=0,slot=0
Auto thread command 3995 1261.0.0 (w=0.0 aw=0.0 lp=0 grd=0) started on engine pid=140252,rank=1,slot=1
Auto thread command 4048 1278.0.0 (w=0.0 aw=0.0 lp=0 grd=0) started on engine pid=140251,rank=0,slot=0
command 4048 1278.0.0 ended on engine pid=140251,rank=0,slot=0
command 3995 1261.0.0 ended on engine pid=140252,rank=1,slot=1
Auto thread command 3984 1258.0.0 (w=0.0 aw=0.0 lp=0 grd=0) started on engine pid=140251,rank=0,slot=0
Auto thread command 4011 1267.0.0 (w=0.0 aw=0.0 lp=0 grd=0) started on engine pid=140252,rank=1,slot=1
command 3984 1258.0.0 ended on engine pid=140251,rank=0,slot=0
Auto thread command 3988 1259.0.0 (w=0.0 aw=0.0 lp=0 grd=0) started on engine pid=140251,rank=0,slot=0
command 3988 1259.0.0 ended on engine pid=140251,rank=0,slot=0
Auto thread command 3998 1262.0.0 (w=0.0 aw=0.0 lp=0 grd=0) started on engine pid=140251,rank=0,slot=0
command 3998 1262.0.0 ended on engine pid=140251,rank=0,slot=0
command 4011 1267.0.0 ended on engine pid=140252,rank=1,slot=1
Auto thread command 4031 1275.0.0 (w=0.0 aw=0.0 lp=0 grd=0) started on engine pid=140251,rank=0,slot=0
Auto thread command 4014 1268.0.0 (w=0.0 aw=0.0 lp=0 grd=0) started on engine pid=140252,rank=1,slot=1
command 4031 1275.0.0 ended on engine pid=140251,rank=0,slot=0
command 4014 1268.0.0 ended on engine pid=140252,rank=1,slot=1
Auto thread command 4039 1276.0.0 (w=0.0 aw=0.0 lp=0 grd=0) started on engine pid=140251,rank=0,slot=0
command 4039 1276.0.0 ended on engine pid=140251,rank=0,slot=0
Auto thread command 4016 1269.0.0 (w=0.0 aw=0.0 lp=0 grd=0) started on engine pid=140252,rank=1,slot=1
Auto thread command 4021 1271.0.0 (w=0.0 aw=0.0 lp=0 grd=0) started on engine pid=140251,rank=0,slot=0
command 4021 1271.0.0 ended on engine pid=140251,rank=0,slot=0
Auto thread command 4025 1272.0.0 (w=0.0 aw=0.0 lp=0 grd=0) started on engine pid=140251,rank=0,slot=0
command 4016 1269.0.0 ended on engine pid=140252,rank=1,slot=1
command 4025 1272.0.0 ended on engine pid=140251,rank=0,slot=0
Auto thread command 4020 1270.0.0 (w=0.0 aw=0.0 lp=0 grd=0) started on engine pid=140252,rank=1,slot=1
Auto thread command 3974 1254.0.0 (w=0.0 aw=0.0 lp=0 grd=0) started on engine pid=140251,rank=0,slot=0
command 4020 1270.0.0 ended on engine pid=140252,rank=1,slot=1
Auto thread command 3951 1246.0.0 (w=0.0 aw=0.0 lp=0 grd=0) started on engine pid=140252,rank=1,slot=1
command 3974 1254.0.0 ended on engine pid=140251,rank=0,slot=0
Auto thread command 3978 1255.0.0 (w=0.0 aw=0.0 lp=0 grd=0) started on engine pid=140251,rank=0,slot=0
command 3978 1255.0.0 ended on engine pid=140251,rank=0,slot=0
Auto thread command 2602 798.0.0 (w=0.0 aw=0.0 lp=0 grd=0) started on engine pid=140251,rank=0,slot=0
command 3951 1246.0.0 ended on engine pid=140252,rank=1,slot=1
Auto thread command 3955 1247.0.0 (w=0.0 aw=0.0 lp=0 grd=0) started on engine pid=140252,rank=1,slot=1
command 3955 1247.0.0 ended on engine pid=140252,rank=1,slot=1
Auto thread command 3957 1248.0.0 (w=0.0 aw=0.0 lp=0 grd=0) started on engine pid=140252,rank=1,slot=1
command 2602 798.0.0 ended on engine pid=140251,rank=0,slot=0
Auto thread command 2611 800.0.0 (w=0.0 aw=0.0 lp=0 grd=0) started on engine pid=140251,rank=0,slot=0
command 2611 800.0.0 ended on engine pid=140251,rank=0,slot=0
Auto thread command 2609 799.0.0 (w=0.0 aw=0.0 lp=0 grd=0) started on engine pid=140251,rank=0,slot=0
command 2609 799.0.0 ended on engine pid=140251,rank=0,slot=0
Auto thread command 2613 801.0.0 (w=0.0 aw=0.0 lp=0 grd=0) started on engine pid=140251,rank=0,slot=0
command 3957 1248.0.0 ended on engine pid=140252,rank=1,slot=1
command 2613 801.0.0 ended on engine pid=140251,rank=0,slot=0
Auto thread command 3965 1249.0.0 (w=0.0 aw=0.0 lp=0 grd=0) started on engine pid=140252,rank=1,slot=1
command 3965 1249.0.0 ended on engine pid=140252,rank=1,slot=1
Auto thread command 2695 828.0.0 (w=0.0 aw=0.0 lp=0 grd=0) started on engine pid=140251,rank=0,slot=0
Auto thread command 2730 838.0.0 (w=0.0 aw=0.0 lp=0 grd=0) started on engine pid=140252,rank=1,slot=1
command 2730 838.0.0 ended on engine pid=140252,rank=1,slot=1
command 2695 828.0.0 ended on engine pid=140251,rank=0,slot=0
Auto thread command 2738 839.0.0 (w=0.0 aw=0.0 lp=0 grd=0) started on engine pid=140252,rank=1,slot=1
command 2738 839.0.0 ended on engine pid=140252,rank=1,slot=1
Auto thread command 2703 829.0.0 (w=0.0 aw=0.0 lp=0 grd=0) started on engine pid=140251,rank=0,slot=0
Auto thread command 2568 789.0.0 (w=0.0 aw=0.0 lp=0 grd=0) started on engine pid=140252,rank=1,slot=1
command 2703 829.0.0 ended on engine pid=140251,rank=0,slot=0
Auto thread command 2548 782.0.0 (w=0.0 aw=0.0 lp=0 grd=0) started on engine pid=140251,rank=0,slot=0
command 2548 782.0.0 ended on engine pid=140251,rank=0,slot=0
command 2568 789.0.0 ended on engine pid=140252,rank=1,slot=1
Auto thread command 2560 786.0.0 (w=0.0 aw=0.0 lp=0 grd=0) started on engine pid=140251,rank=0,slot=0
Auto thread command 2576 790.0.0 (w=0.0 aw=0.0 lp=0 grd=0) started on engine pid=140252,rank=1,slot=1
command 2576 790.0.0 ended on engine pid=140252,rank=1,slot=1
Auto thread command 2554 784.0.0 (w=0.0 aw=0.0 lp=0 grd=0) started on engine pid=140252,rank=1,slot=1
command 2560 786.0.0 ended on engine pid=140251,rank=0,slot=0
command 2554 784.0.0 ended on engine pid=140252,rank=1,slot=1
Auto thread command 2599 797.0.0 (w=0.0 aw=0.0 lp=0 grd=0) started on engine pid=140251,rank=0,slot=0
Auto thread command 2564 787.0.0 (w=0.0 aw=0.0 lp=0 grd=0) started on engine pid=140252,rank=1,slot=1
command 2599 797.0.0 ended on engine pid=140251,rank=0,slot=0
Auto thread command 2619 803.0.0 (w=0.0 aw=0.0 lp=0 grd=0) started on engine pid=140251,rank=0,slot=0
command 2564 787.0.0 ended on engine pid=140252,rank=1,slot=1
command 2619 803.0.0 ended on engine pid=140251,rank=0,slot=0
Auto thread command 2567 788.0.0 (w=0.0 aw=0.0 lp=0 grd=0) started on engine pid=140252,rank=1,slot=1
command 2567 788.0.0 ended on engine pid=140252,rank=1,slot=1
Auto thread command 2621 804.0.0 (w=0.0 aw=0.0 lp=0 grd=0) started on engine pid=140251,rank=0,slot=0
Auto thread command 2538 779.0.0 (w=0.0 aw=0.0 lp=0 grd=0) started on engine pid=140252,rank=1,slot=1
command 2621 804.0.0 ended on engine pid=140251,rank=0,slot=0
command 2538 779.0.0 ended on engine pid=140252,rank=1,slot=1
Auto thread command 2629 805.0.0 (w=0.0 aw=0.0 lp=0 grd=0) started on engine pid=140251,rank=0,slot=0
command 2629 805.0.0 ended on engine pid=140251,rank=0,slot=0
Auto thread command 2545 780.0.0 (w=0.0 aw=0.0 lp=0 grd=0) started on engine pid=140252,rank=1,slot=1
Auto thread command 2523 775.0.0 (w=0.0 aw=0.0 lp=0 grd=0) started on engine pid=140251,rank=0,slot=0
command 2545 780.0.0 ended on engine pid=140252,rank=1,slot=1
Auto thread command 2516 774.0.0 (w=0.0 aw=0.0 lp=0 grd=0) started on engine pid=140252,rank=1,slot=1
command 2516 774.0.0 ended on engine pid=140252,rank=1,slot=1
Auto thread command 2588 794.0.0 (w=0.0 aw=0.0 lp=0 grd=0) started on engine pid=140252,rank=1,slot=1
command 2588 794.0.0 ended on engine pid=140252,rank=1,slot=1
Auto thread command 2590 795.0.0 (w=0.0 aw=0.0 lp=0 grd=0) started on engine pid=140252,rank=1,slot=1
command 2523 775.0.0 ended on engine pid=140251,rank=0,slot=0
command 2590 795.0.0 ended on engine pid=140252,rank=1,slot=1
Auto thread command 2532 777.0.0 (w=0.0 aw=0.0 lp=0 grd=0) started on engine pid=140251,rank=0,slot=0
Auto thread command 2598 796.0.0 (w=0.0 aw=0.0 lp=0 grd=0) started on engine pid=140252,rank=1,slot=1
command 2532 777.0.0 ended on engine pid=140251,rank=0,slot=0
command 2598 796.0.0 ended on engine pid=140252,rank=1,slot=1
Auto thread command 2530 776.0.0 (w=0.0 aw=0.0 lp=0 grd=0) started on engine pid=140251,rank=0,slot=0
Auto thread command 2509 773.0.0 (w=0.0 aw=0.0 lp=0 grd=0) started on engine pid=140252,rank=1,slot=1
command 2530 776.0.0 ended on engine pid=140251,rank=0,slot=0
Auto thread command 2534 778.0.0 (w=0.0 aw=0.0 lp=0 grd=0) started on engine pid=140251,rank=0,slot=0
command 2534 778.0.0 ended on engine pid=140251,rank=0,slot=0
command 2509 773.0.0 ended on engine pid=140252,rank=1,slot=1
Auto thread command 2721 836.0.0 (w=0.0 aw=0.0 lp=0 grd=0) started on engine pid=140251,rank=0,slot=0
Auto thread command 2579 792.0.0 (w=0.0 aw=0.0 lp=0 grd=0) started on engine pid=140252,rank=1,slot=1
command 2579 792.0.0 ended on engine pid=140252,rank=1,slot=1
command 2721 836.0.0 ended on engine pid=140251,rank=0,slot=0
Auto thread command 2587 793.0.0 (w=0.0 aw=0.0 lp=0 grd=0) started on engine pid=140252,rank=1,slot=1
command 2587 793.0.0 ended on engine pid=140252,rank=1,slot=1
Auto thread command 2729 837.0.0 (w=0.0 aw=0.0 lp=0 grd=0) started on engine pid=140251,rank=0,slot=0
Auto thread command 2502 772.0.0 (w=0.0 aw=0.0 lp=0 grd=0) started on engine pid=140252,rank=1,slot=1
command 2729 837.0.0 ended on engine pid=140251,rank=0,slot=0
Auto thread command 2495 771.0.0 (w=0.0 aw=0.0 lp=0 grd=0) started on engine pid=140251,rank=0,slot=0
command 2502 772.0.0 ended on engine pid=140252,rank=1,slot=1
Auto thread command 1530 405.0.0 (w=0.0 aw=0.0 lp=0 grd=0) started on engine pid=140252,rank=1,slot=1
command 2495 771.0.0 ended on engine pid=140251,rank=0,slot=0
Auto thread command 2632 807.0.0 (w=0.0 aw=0.0 lp=0 grd=0) started on engine pid=140251,rank=0,slot=0
command 2632 807.0.0 ended on engine pid=140251,rank=0,slot=0
Auto thread command 2630 806.0.0 (w=0.0 aw=0.0 lp=0 grd=0) started on engine pid=140251,rank=0,slot=0
command 2630 806.0.0 ended on engine pid=140251,rank=0,slot=0
Auto thread command 2634 808.0.0 (w=0.0 aw=0.0 lp=0 grd=0) started on engine pid=140251,rank=0,slot=0
command 2634 808.0.0 ended on engine pid=140251,rank=0,slot=0
command 1530 405.0.0 ended on engine pid=140252,rank=1,slot=1
Auto thread command 2655 815.0.0 (w=0.0 aw=0.0 lp=0 grd=0) started on engine pid=140251,rank=0,slot=0
Auto thread command 2640 810.0.0 (w=0.0 aw=0.0 lp=0 grd=0) started on engine pid=140252,rank=1,slot=1
command 2655 815.0.0 ended on engine pid=140251,rank=0,slot=0
command 2640 810.0.0 ended on engine pid=140252,rank=1,slot=1
Auto thread command 2708 832.0.0 (w=0.0 aw=0.0 lp=0 grd=0) started on engine pid=140251,rank=0,slot=0
Auto thread command 2676 822.0.0 (w=0.0 aw=0.0 lp=0 grd=0) started on engine pid=140252,rank=1,slot=1
command 2676 822.0.0 ended on engine pid=140252,rank=1,slot=1
command 2708 832.0.0 ended on engine pid=140251,rank=0,slot=0
Auto thread command 2661 817.0.0 (w=0.0 aw=0.0 lp=0 grd=0) started on engine pid=140252,rank=1,slot=1
command 2661 817.0.0 ended on engine pid=140252,rank=1,slot=1
Auto thread command 2716 833.0.0 (w=0.0 aw=0.0 lp=0 grd=0) started on engine pid=140251,rank=0,slot=0
command 2716 833.0.0 ended on engine pid=140251,rank=0,slot=0
Auto thread command 2682 824.0.0 (w=0.0 aw=0.0 lp=0 grd=0) started on engine pid=140252,rank=1,slot=1
command 2682 824.0.0 ended on engine pid=140252,rank=1,slot=1
Auto thread command 2638 809.0.0 (w=0.0 aw=0.0 lp=0 grd=0) started on engine pid=140251,rank=0,slot=0
Auto thread command 1525 404.0.0 (w=0.0 aw=0.0 lp=0 grd=0) started on engine pid=140252,rank=1,slot=1
command 2638 809.0.0 ended on engine pid=140251,rank=0,slot=0
Auto thread command 2642 811.0.0 (w=0.0 aw=0.0 lp=0 grd=0) started on engine pid=140251,rank=0,slot=0
command 2642 811.0.0 ended on engine pid=140251,rank=0,slot=0
Auto thread command 2650 812.0.0 (w=0.0 aw=0.0 lp=0 grd=0) started on engine pid=140251,rank=0,slot=0
command 2650 812.0.0 ended on engine pid=140251,rank=0,slot=0
Auto thread command 2680 823.0.0 (w=0.0 aw=0.0 lp=0 grd=0) started on engine pid=140251,rank=0,slot=0
command 2680 823.0.0 ended on engine pid=140251,rank=0,slot=0
Auto thread command 2684 825.0.0 (w=0.0 aw=0.0 lp=0 grd=0) started on engine pid=140251,rank=0,slot=0
command 1525 404.0.0 ended on engine pid=140252,rank=1,slot=1
Auto thread command 2659 816.0.0 (w=0.0 aw=0.0 lp=0 grd=0) started on engine pid=140252,rank=1,slot=1
command 2659 816.0.0 ended on engine pid=140252,rank=1,slot=1
command 2684 825.0.0 ended on engine pid=140251,rank=0,slot=0
Auto thread command 2663 818.0.0 (w=0.0 aw=0.0 lp=0 grd=0) started on engine pid=140252,rank=1,slot=1
Auto thread command 2692 826.0.0 (w=0.0 aw=0.0 lp=0 grd=0) started on engine pid=140251,rank=0,slot=0
command 2692 826.0.0 ended on engine pid=140251,rank=0,slot=0
Auto thread command 1515 402.0.0 (w=0.0 aw=0.0 lp=0 grd=0) started on engine pid=140251,rank=0,slot=0
command 2663 818.0.0 ended on engine pid=140252,rank=1,slot=1
Auto thread command 2671 819.0.0 (w=0.0 aw=0.0 lp=0 grd=0) started on engine pid=140252,rank=1,slot=1
command 2671 819.0.0 ended on engine pid=140252,rank=1,slot=1
Auto thread command 1556 411.0.0 (w=0.0 aw=0.0 lp=0 grd=0) started on engine pid=140252,rank=1,slot=1
command 1556 411.0.0 ended on engine pid=140252,rank=1,slot=1
Auto thread command 1551 410.0.0 (w=0.0 aw=0.0 lp=0 grd=0) started on engine pid=140252,rank=1,slot=1
command 1515 402.0.0 ended on engine pid=140251,rank=0,slot=0
Auto thread command 1520 403.0.0 (w=0.0 aw=0.0 lp=0 grd=0) started on engine pid=140251,rank=0,slot=0
command 1551 410.0.0 ended on engine pid=140252,rank=1,slot=1
Auto thread command 1541 408.0.0 (w=0.0 aw=0.0 lp=0 grd=0) started on engine pid=140252,rank=1,slot=1
command 1541 408.0.0 ended on engine pid=140252,rank=1,slot=1
Auto thread command 1546 409.0.0 (w=0.0 aw=0.0 lp=0 grd=0) started on engine pid=140252,rank=1,slot=1
command 1520 403.0.0 ended on engine pid=140251,rank=0,slot=0
command 1546 409.0.0 ended on engine pid=140252,rank=1,slot=1
Auto thread command 3075 931.0.0 (w=0.0 aw=0.0 lp=0 grd=0) started on engine pid=140251,rank=0,slot=0
command 3075 931.0.0 ended on engine pid=140251,rank=0,slot=0
Auto thread command 1636 446.0.0 (w=0.0 aw=0.0 lp=0 grd=0) started on engine pid=140252,rank=1,slot=1
Auto thread command 1634 445.0.0 (w=0.0 aw=0.0 lp=0 grd=0) started on engine pid=140251,rank=0,slot=0
command 1636 446.0.0 ended on engine pid=140252,rank=1,slot=1
command 1634 445.0.0 ended on engine pid=140251,rank=0,slot=0
Auto thread command 4084 1291.0.0 (w=0.0 aw=0.0 lp=0 grd=0) started on engine pid=140252,rank=1,slot=1
command 4084 1291.0.0 ended on engine pid=140252,rank=1,slot=1
Auto thread command 4159 1314.0.0 (w=0.0 aw=0.0 lp=0 grd=0) started on engine pid=140251,rank=0,slot=0
Auto thread command 4101 1296.0.0 (w=0.0 aw=0.0 lp=0 grd=0) started on engine pid=140252,rank=1,slot=1
command 4101 1296.0.0 ended on engine pid=140252,rank=1,slot=1
Auto thread command 4169 1318.0.0 (w=0.0 aw=0.0 lp=0 grd=0) started on engine pid=140252,rank=1,slot=1
command 4159 1314.0.0 ended on engine pid=140251,rank=0,slot=0
command 4169 1318.0.0 ended on engine pid=140252,rank=1,slot=1
Auto thread command 4163 1315.0.0 (w=0.0 aw=0.0 lp=0 grd=0) started on engine pid=140251,rank=0,slot=0
command 4163 1315.0.0 ended on engine pid=140251,rank=0,slot=0
Auto thread command 4173 1319.0.0 (w=0.0 aw=0.0 lp=0 grd=0) started on engine pid=140252,rank=1,slot=1
Auto thread command 4098 1295.0.0 (w=0.0 aw=0.0 lp=0 grd=0) started on engine pid=140251,rank=0,slot=0
command 4173 1319.0.0 ended on engine pid=140252,rank=1,slot=1
Auto thread command 4095 1294.0.0 (w=0.0 aw=0.0 lp=0 grd=0) started on engine pid=140252,rank=1,slot=1
command 4098 1295.0.0 ended on engine pid=140251,rank=0,slot=0
command 4095 1294.0.0 ended on engine pid=140252,rank=1,slot=1
Auto thread command 4121 1304.0.0 (w=0.0 aw=0.0 lp=0 grd=0) started on engine pid=140251,rank=0,slot=0
Auto thread command 4090 1292.0.0 (w=0.0 aw=0.0 lp=0 grd=0) started on engine pid=140252,rank=1,slot=1
command 4121 1304.0.0 ended on engine pid=140251,rank=0,slot=0
command 4090 1292.0.0 ended on engine pid=140252,rank=1,slot=1
Auto thread command 4135 1308.0.0 (w=0.0 aw=0.0 lp=0 grd=0) started on engine pid=140251,rank=0,slot=0
Auto thread command 4106 1298.0.0 (w=0.0 aw=0.0 lp=0 grd=0) started on engine pid=140252,rank=1,slot=1
command 4135 1308.0.0 ended on engine pid=140251,rank=0,slot=0
command 4106 1298.0.0 ended on engine pid=140252,rank=1,slot=1
Auto thread command 4143 1309.0.0 (w=0.0 aw=0.0 lp=0 grd=0) started on engine pid=140251,rank=0,slot=0
command 4143 1309.0.0 ended on engine pid=140251,rank=0,slot=0
Auto thread command 4093 1293.0.0 (w=0.0 aw=0.0 lp=0 grd=0) started on engine pid=140252,rank=1,slot=1
Auto thread command 4079 1289.0.0 (w=0.0 aw=0.0 lp=0 grd=0) started on engine pid=140251,rank=0,slot=0
command 4093 1293.0.0 ended on engine pid=140252,rank=1,slot=1
command 4079 1289.0.0 ended on engine pid=140251,rank=0,slot=0
Auto thread command 4126 1306.0.0 (w=0.0 aw=0.0 lp=0 grd=0) started on engine pid=140252,rank=1,slot=1
Auto thread command 4083 1290.0.0 (w=0.0 aw=0.0 lp=0 grd=0) started on engine pid=140251,rank=0,slot=0
command 4083 1290.0.0 ended on engine pid=140251,rank=0,slot=0
command 4126 1306.0.0 ended on engine pid=140252,rank=1,slot=1
Auto thread command 4116 1302.0.0 (w=0.0 aw=0.0 lp=0 grd=0) started on engine pid=140251,rank=0,slot=0
Auto thread command 4134 1307.0.0 (w=0.0 aw=0.0 lp=0 grd=0) started on engine pid=140252,rank=1,slot=1
command 4134 1307.0.0 ended on engine pid=140252,rank=1,slot=1
Auto thread command 4109 1299.0.0 (w=0.0 aw=0.0 lp=0 grd=0) started on engine pid=140252,rank=1,slot=1
command 4109 1299.0.0 ended on engine pid=140252,rank=1,slot=1
Auto thread command 4111 1300.0.0 (w=0.0 aw=0.0 lp=0 grd=0) started on engine pid=140252,rank=1,slot=1
command 4116 1302.0.0 ended on engine pid=140251,rank=0,slot=0
Auto thread command 4120 1303.0.0 (w=0.0 aw=0.0 lp=0 grd=0) started on engine pid=140251,rank=0,slot=0
command 4120 1303.0.0 ended on engine pid=140251,rank=0,slot=0
command 4111 1300.0.0 ended on engine pid=140252,rank=1,slot=1
Auto thread command 4069 1285.0.0 (w=0.0 aw=0.0 lp=0 grd=0) started on engine pid=140251,rank=0,slot=0
Auto thread command 4115 1301.0.0 (w=0.0 aw=0.0 lp=0 grd=0) started on engine pid=140252,rank=1,slot=1
command 4115 1301.0.0 ended on engine pid=140252,rank=1,slot=1
Auto thread command 4049 1279.0.0 (w=0.0 aw=0.0 lp=0 grd=0) started on engine pid=140252,rank=1,slot=1
command 4069 1285.0.0 ended on engine pid=140251,rank=0,slot=0
Auto thread command 4073 1286.0.0 (w=0.0 aw=0.0 lp=0 grd=0) started on engine pid=140251,rank=0,slot=0
command 4073 1286.0.0 ended on engine pid=140251,rank=0,slot=0
Auto thread command 2880 877.0.0 (w=0.0 aw=0.0 lp=0 grd=0) started on engine pid=140251,rank=0,slot=0
command 4049 1279.0.0 ended on engine pid=140252,rank=1,slot=1
Auto thread command 4053 1280.0.0 (w=0.0 aw=0.0 lp=0 grd=0) started on engine pid=140252,rank=1,slot=1
command 4053 1280.0.0 ended on engine pid=140252,rank=1,slot=1
Auto thread command 4055 1281.0.0 (w=0.0 aw=0.0 lp=0 grd=0) started on engine pid=140252,rank=1,slot=1
command 4055 1281.0.0 ended on engine pid=140252,rank=1,slot=1
Auto thread command 4063 1282.0.0 (w=0.0 aw=0.0 lp=0 grd=0) started on engine pid=140252,rank=1,slot=1
command 4063 1282.0.0 ended on engine pid=140252,rank=1,slot=1
Auto thread command 2828 862.0.0 (w=0.0 aw=0.0 lp=0 grd=0) started on engine pid=140252,rank=1,slot=1
command 2828 862.0.0 ended on engine pid=140252,rank=1,slot=1
Auto thread command 2835 864.0.0 (w=0.0 aw=0.0 lp=0 grd=0) started on engine pid=140252,rank=1,slot=1
command 2835 864.0.0 ended on engine pid=140252,rank=1,slot=1
Auto thread command 2833 863.0.0 (w=0.0 aw=0.0 lp=0 grd=0) started on engine pid=140252,rank=1,slot=1
command 2833 863.0.0 ended on engine pid=140252,rank=1,slot=1
command 2880 877.0.0 ended on engine pid=140251,rank=0,slot=0
Auto thread command 2837 865.0.0 (w=0.0 aw=0.0 lp=0 grd=0) started on engine pid=140252,rank=1,slot=1
Auto thread command 2889 879.0.0 (w=0.0 aw=0.0 lp=0 grd=0) started on engine pid=140251,rank=0,slot=0
command 2889 879.0.0 ended on engine pid=140251,rank=0,slot=0
Auto thread command 2887 878.0.0 (w=0.0 aw=0.0 lp=0 grd=0) started on engine pid=140251,rank=0,slot=0
command 2887 878.0.0 ended on engine pid=140251,rank=0,slot=0
Auto thread command 2891 880.0.0 (w=0.0 aw=0.0 lp=0 grd=0) started on engine pid=140251,rank=0,slot=0
command 2891 880.0.0 ended on engine pid=140251,rank=0,slot=0
command 2837 865.0.0 ended on engine pid=140252,rank=1,slot=1
Auto thread command 2973 907.0.0 (w=0.0 aw=0.0 lp=0 grd=0) started on engine pid=140251,rank=0,slot=0
Auto thread command 2843 866.0.0 (w=0.0 aw=0.0 lp=0 grd=0) started on engine pid=140252,rank=1,slot=1
command 2843 866.0.0 ended on engine pid=140252,rank=1,slot=1
command 2973 907.0.0 ended on engine pid=140251,rank=0,slot=0
Auto thread command 2848 867.0.0 (w=0.0 aw=0.0 lp=0 grd=0) started on engine pid=140252,rank=1,slot=1
command 2848 867.0.0 ended on engine pid=140252,rank=1,slot=1
Auto thread command 2981 908.0.0 (w=0.0 aw=0.0 lp=0 grd=0) started on engine pid=140251,rank=0,slot=0
command 2981 908.0.0 ended on engine pid=140251,rank=0,slot=0
Auto thread command 2850 868.0.0 (w=0.0 aw=0.0 lp=0 grd=0) started on engine pid=140252,rank=1,slot=1
Auto thread command 3008 917.0.0 (w=0.0 aw=0.0 lp=0 grd=0) started on engine pid=140251,rank=0,slot=0
command 3008 917.0.0 ended on engine pid=140251,rank=0,slot=0
command 2850 868.0.0 ended on engine pid=140252,rank=1,slot=1
Auto thread command 3016 918.0.0 (w=0.0 aw=0.0 lp=0 grd=0) started on engine pid=140251,rank=0,slot=0
command 3016 918.0.0 ended on engine pid=140251,rank=0,slot=0
Auto thread command 2854 869.0.0 (w=0.0 aw=0.0 lp=0 grd=0) started on engine pid=140252,rank=1,slot=1
command 2854 869.0.0 ended on engine pid=140252,rank=1,slot=1
Auto thread command 2819 860.0.0 (w=0.0 aw=0.0 lp=0 grd=0) started on engine pid=140251,rank=0,slot=0
Auto thread command 2799 853.0.0 (w=0.0 aw=0.0 lp=0 grd=0) started on engine pid=140252,rank=1,slot=1
command 2799 853.0.0 ended on engine pid=140252,rank=1,slot=1
command 2819 860.0.0 ended on engine pid=140251,rank=0,slot=0
Auto thread command 2811 857.0.0 (w=0.0 aw=0.0 lp=0 grd=0) started on engine pid=140252,rank=1,slot=1
Auto thread command 2827 861.0.0 (w=0.0 aw=0.0 lp=0 grd=0) started on engine pid=140251,rank=0,slot=0
command 2827 861.0.0 ended on engine pid=140251,rank=0,slot=0
Auto thread command 2805 855.0.0 (w=0.0 aw=0.0 lp=0 grd=0) started on engine pid=140251,rank=0,slot=0
command 2811 857.0.0 ended on engine pid=140252,rank=1,slot=1
Auto thread command 2877 876.0.0 (w=0.0 aw=0.0 lp=0 grd=0) started on engine pid=140252,rank=1,slot=1
command 2805 855.0.0 ended on engine pid=140251,rank=0,slot=0
command 2877 876.0.0 ended on engine pid=140252,rank=1,slot=1
Auto thread command 2815 858.0.0 (w=0.0 aw=0.0 lp=0 grd=0) started on engine pid=140251,rank=0,slot=0
Auto thread command 2897 882.0.0 (w=0.0 aw=0.0 lp=0 grd=0) started on engine pid=140252,rank=1,slot=1
command 2815 858.0.0 ended on engine pid=140251,rank=0,slot=0
command 2897 882.0.0 ended on engine pid=140252,rank=1,slot=1
Auto thread command 2818 859.0.0 (w=0.0 aw=0.0 lp=0 grd=0) started on engine pid=140251,rank=0,slot=0
command 2818 859.0.0 ended on engine pid=140251,rank=0,slot=0
Auto thread command 2899 883.0.0 (w=0.0 aw=0.0 lp=0 grd=0) started on engine pid=140252,rank=1,slot=1
Auto thread command 2767 844.0.0 (w=0.0 aw=0.0 lp=0 grd=0) started on engine pid=140251,rank=0,slot=0
command 2899 883.0.0 ended on engine pid=140252,rank=1,slot=1
Auto thread command 2907 884.0.0 (w=0.0 aw=0.0 lp=0 grd=0) started on engine pid=140252,rank=1,slot=1
command 2907 884.0.0 ended on engine pid=140252,rank=1,slot=1
Auto thread command 2760 843.0.0 (w=0.0 aw=0.0 lp=0 grd=0) started on engine pid=140252,rank=1,slot=1
command 2760 843.0.0 ended on engine pid=140252,rank=1,slot=1
Auto thread command 2866 873.0.0 (w=0.0 aw=0.0 lp=0 grd=0) started on engine pid=140252,rank=1,slot=1
command 2866 873.0.0 ended on engine pid=140252,rank=1,slot=1
Auto thread command 2868 874.0.0 (w=0.0 aw=0.0 lp=0 grd=0) started on engine pid=140252,rank=1,slot=1
command 2767 844.0.0 ended on engine pid=140251,rank=0,slot=0
command 2868 874.0.0 ended on engine pid=140252,rank=1,slot=1
Auto thread command 2776 846.0.0 (w=0.0 aw=0.0 lp=0 grd=0) started on engine pid=140251,rank=0,slot=0
Auto thread command 2876 875.0.0 (w=0.0 aw=0.0 lp=0 grd=0) started on engine pid=140252,rank=1,slot=1
command 2876 875.0.0 ended on engine pid=140252,rank=1,slot=1
command 2776 846.0.0 ended on engine pid=140251,rank=0,slot=0
Auto thread command 2774 845.0.0 (w=0.0 aw=0.0 lp=0 grd=0) started on engine pid=140252,rank=1,slot=1
Auto thread command 2753 842.0.0 (w=0.0 aw=0.0 lp=0 grd=0) started on engine pid=140251,rank=0,slot=0
command 2774 845.0.0 ended on engine pid=140252,rank=1,slot=1
Auto thread command 2778 847.0.0 (w=0.0 aw=0.0 lp=0 grd=0) started on engine pid=140252,rank=1,slot=1
command 2778 847.0.0 ended on engine pid=140252,rank=1,slot=1
command 2753 842.0.0 ended on engine pid=140251,rank=0,slot=0
Auto thread command 2782 848.0.0 (w=0.0 aw=0.0 lp=0 grd=0) started on engine pid=140252,rank=1,slot=1
command 2782 848.0.0 ended on engine pid=140252,rank=1,slot=1
Auto thread command 2746 841.0.0 (w=0.0 aw=0.0 lp=0 grd=0) started on engine pid=140251,rank=0,slot=0
Auto thread command 2857 871.0.0 (w=0.0 aw=0.0 lp=0 grd=0) started on engine pid=140252,rank=1,slot=1
command 2746 841.0.0 ended on engine pid=140251,rank=0,slot=0
command 2857 871.0.0 ended on engine pid=140252,rank=1,slot=1
Auto thread command 2999 915.0.0 (w=0.0 aw=0.0 lp=0 grd=0) started on engine pid=140251,rank=0,slot=0
Auto thread command 2865 872.0.0 (w=0.0 aw=0.0 lp=0 grd=0) started on engine pid=140252,rank=1,slot=1
command 2865 872.0.0 ended on engine pid=140252,rank=1,slot=1
Auto thread command 2789 850.0.0 (w=0.0 aw=0.0 lp=0 grd=0) started on engine pid=140252,rank=1,slot=1
command 2789 850.0.0 ended on engine pid=140252,rank=1,slot=1
command 2999 915.0.0 ended on engine pid=140251,rank=0,slot=0
Auto thread command 2796 851.0.0 (w=0.0 aw=0.0 lp=0 grd=0) started on engine pid=140252,rank=1,slot=1
command 2796 851.0.0 ended on engine pid=140252,rank=1,slot=1
Auto thread command 3007 916.0.0 (w=0.0 aw=0.0 lp=0 grd=0) started on engine pid=140251,rank=0,slot=0
Auto thread command 2739 840.0.0 (w=0.0 aw=0.0 lp=0 grd=0) started on engine pid=140252,rank=1,slot=1
command 3007 916.0.0 ended on engine pid=140251,rank=0,slot=0
Auto thread command 1582 417.0.0 (w=0.0 aw=0.0 lp=0 grd=0) started on engine pid=140251,rank=0,slot=0
command 2739 840.0.0 ended on engine pid=140252,rank=1,slot=1
Auto thread command 2910 886.0.0 (w=0.0 aw=0.0 lp=0 grd=0) started on engine pid=140252,rank=1,slot=1
command 2910 886.0.0 ended on engine pid=140252,rank=1,slot=1
Auto thread command 2908 885.0.0 (w=0.0 aw=0.0 lp=0 grd=0) started on engine pid=140252,rank=1,slot=1
command 2908 885.0.0 ended on engine pid=140252,rank=1,slot=1
command 1582 417.0.0 ended on engine pid=140251,rank=0,slot=0
Auto thread command 2912 887.0.0 (w=0.0 aw=0.0 lp=0 grd=0) started on engine pid=140252,rank=1,slot=1
Auto thread command 1577 416.0.0 (w=0.0 aw=0.0 lp=0 grd=0) started on engine pid=140251,rank=0,slot=0
command 2912 887.0.0 ended on engine pid=140252,rank=1,slot=1
Auto thread command 2933 894.0.0 (w=0.0 aw=0.0 lp=0 grd=0) started on engine pid=140252,rank=1,slot=1
command 1577 416.0.0 ended on engine pid=140251,rank=0,slot=0
command 2933 894.0.0 ended on engine pid=140252,rank=1,slot=1
Auto thread command 4297 1368.0.0 (w=0.0 aw=0.0 lp=0 grd=0) started on engine pid=140251,rank=0,slot=0
command 4297 1368.0.0 ended on engine pid=140251,rank=0,slot=0
Auto thread command 2986 911.0.0 (w=0.0 aw=0.0 lp=0 grd=0) started on engine pid=140252,rank=1,slot=1
Auto thread command 2952 900.0.0 (w=0.0 aw=0.0 lp=0 grd=0) started on engine pid=140251,rank=0,slot=0
command 2952 900.0.0 ended on engine pid=140251,rank=0,slot=0
Auto thread command 4291 1364.0.0 (w=0.0 aw=0.0 lp=0 grd=0) started on engine pid=140251,rank=0,slot=0
command 4291 1364.0.0 ended on engine pid=140251,rank=0,slot=0
command 2986 911.0.0 ended on engine pid=140252,rank=1,slot=1
Auto thread command 4288 1362.0.0 (w=0.0 aw=0.0 lp=0 grd=0) started on engine pid=140251,rank=0,slot=0
command 4288 1362.0.0 ended on engine pid=140251,rank=0,slot=0
Auto thread command 2994 912.0.0 (w=0.0 aw=0.0 lp=0 grd=0) started on engine pid=140252,rank=1,slot=1
Auto thread command 2918 889.0.0 (w=0.0 aw=0.0 lp=0 grd=0) started on engine pid=140251,rank=0,slot=0
command 2994 912.0.0 ended on engine pid=140252,rank=1,slot=1
Auto thread command 2916 888.0.0 (w=0.0 aw=0.0 lp=0 grd=0) started on engine pid=140252,rank=1,slot=1
command 2916 888.0.0 ended on engine pid=140252,rank=1,slot=1
command 2918 889.0.0 ended on engine pid=140251,rank=0,slot=0
Auto thread command 2937 895.0.0 (w=0.0 aw=0.0 lp=0 grd=0) started on engine pid=140252,rank=1,slot=1
command 2937 895.0.0 ended on engine pid=140252,rank=1,slot=1
Auto thread command 2920 890.0.0 (w=0.0 aw=0.0 lp=0 grd=0) started on engine pid=140251,rank=0,slot=0
Auto thread command 2950 899.0.0 (w=0.0 aw=0.0 lp=0 grd=0) started on engine pid=140252,rank=1,slot=1
command 2950 899.0.0 ended on engine pid=140252,rank=1,slot=1
Auto thread command 2954 901.0.0 (w=0.0 aw=0.0 lp=0 grd=0) started on engine pid=140252,rank=1,slot=1
command 2920 890.0.0 ended on engine pid=140251,rank=0,slot=0
Auto thread command 2928 891.0.0 (w=0.0 aw=0.0 lp=0 grd=0) started on engine pid=140251,rank=0,slot=0
command 2928 891.0.0 ended on engine pid=140251,rank=0,slot=0
Auto thread command 2939 896.0.0 (w=0.0 aw=0.0 lp=0 grd=0) started on engine pid=140251,rank=0,slot=0
command 2939 896.0.0 ended on engine pid=140251,rank=0,slot=0
Auto thread command 2941 897.0.0 (w=0.0 aw=0.0 lp=0 grd=0) started on engine pid=140251,rank=0,slot=0
command 2954 901.0.0 ended on engine pid=140252,rank=1,slot=1
Auto thread command 2960 903.0.0 (w=0.0 aw=0.0 lp=0 grd=0) started on engine pid=140252,rank=1,slot=1
command 2960 903.0.0 ended on engine pid=140252,rank=1,slot=1
Auto thread command 2958 902.0.0 (w=0.0 aw=0.0 lp=0 grd=0) started on engine pid=140252,rank=1,slot=1
command 2941 897.0.0 ended on engine pid=140251,rank=0,slot=0
command 2958 902.0.0 ended on engine pid=140252,rank=1,slot=1
Auto thread command 2949 898.0.0 (w=0.0 aw=0.0 lp=0 grd=0) started on engine pid=140251,rank=0,slot=0
command 2949 898.0.0 ended on engine pid=140251,rank=0,slot=0
Auto thread command 2962 904.0.0 (w=0.0 aw=0.0 lp=0 grd=0) started on engine pid=140252,rank=1,slot=1
Auto thread command 1567 414.0.0 (w=0.0 aw=0.0 lp=0 grd=0) started on engine pid=140251,rank=0,slot=0
command 2962 904.0.0 ended on engine pid=140252,rank=1,slot=1
Auto thread command 2970 905.0.0 (w=0.0 aw=0.0 lp=0 grd=0) started on engine pid=140252,rank=1,slot=1
command 2970 905.0.0 ended on engine pid=140252,rank=1,slot=1
Auto thread command 4327 1388.0.0 (w=0.0 aw=0.0 lp=0 grd=0) started on engine pid=140252,rank=1,slot=1
command 4327 1388.0.0 ended on engine pid=140252,rank=1,slot=1
Auto thread command 4324 1386.0.0 (w=0.0 aw=0.0 lp=0 grd=0) started on engine pid=140252,rank=1,slot=1
command 4324 1386.0.0 ended on engine pid=140252,rank=1,slot=1
Auto thread command 4321 1384.0.0 (w=0.0 aw=0.0 lp=0 grd=0) started on engine pid=140252,rank=1,slot=1
command 4321 1384.0.0 ended on engine pid=140252,rank=1,slot=1
Auto thread command 4318 1382.0.0 (w=0.0 aw=0.0 lp=0 grd=0) started on engine pid=140252,rank=1,slot=1
command 4318 1382.0.0 ended on engine pid=140252,rank=1,slot=1
Auto thread command 4315 1380.0.0 (w=0.0 aw=0.0 lp=0 grd=0) started on engine pid=140252,rank=1,slot=1
command 4315 1380.0.0 ended on engine pid=140252,rank=1,slot=1
Auto thread command 4312 1378.0.0 (w=0.0 aw=0.0 lp=0 grd=0) started on engine pid=140252,rank=1,slot=1
command 4312 1378.0.0 ended on engine pid=140252,rank=1,slot=1
Auto thread command 4309 1376.0.0 (w=0.0 aw=0.0 lp=0 grd=0) started on engine pid=140252,rank=1,slot=1
command 4309 1376.0.0 ended on engine pid=140252,rank=1,slot=1
Auto thread command 4306 1374.0.0 (w=0.0 aw=0.0 lp=0 grd=0) started on engine pid=140252,rank=1,slot=1
command 4306 1374.0.0 ended on engine pid=140252,rank=1,slot=1
Auto thread command 4303 1372.0.0 (w=0.0 aw=0.0 lp=0 grd=0) started on engine pid=140252,rank=1,slot=1
command 4303 1372.0.0 ended on engine pid=140252,rank=1,slot=1
Auto thread command 4300 1370.0.0 (w=0.0 aw=0.0 lp=0 grd=0) started on engine pid=140252,rank=1,slot=1
command 4300 1370.0.0 ended on engine pid=140252,rank=1,slot=1
Auto thread command 4294 1366.0.0 (w=0.0 aw=0.0 lp=0 grd=0) started on engine pid=140252,rank=1,slot=1
command 4294 1366.0.0 ended on engine pid=140252,rank=1,slot=1
Auto thread command 4285 1360.0.0 (w=0.0 aw=0.0 lp=0 grd=0) started on engine pid=140252,rank=1,slot=1
command 1567 414.0.0 ended on engine pid=140251,rank=0,slot=0
command 4285 1360.0.0 ended on engine pid=140252,rank=1,slot=1
Auto thread command 1572 415.0.0 (w=0.0 aw=0.0 lp=0 grd=0) started on engine pid=140251,rank=0,slot=0
Auto thread command 4282 1358.0.0 (w=0.0 aw=0.0 lp=0 grd=0) started on engine pid=140252,rank=1,slot=1
command 4282 1358.0.0 ended on engine pid=140252,rank=1,slot=1
Auto thread command 4279 1356.0.0 (w=0.0 aw=0.0 lp=0 grd=0) started on engine pid=140252,rank=1,slot=1
command 4279 1356.0.0 ended on engine pid=140252,rank=1,slot=1
Auto thread command 4276 1354.0.0 (w=0.0 aw=0.0 lp=0 grd=0) started on engine pid=140252,rank=1,slot=1
command 4276 1354.0.0 ended on engine pid=140252,rank=1,slot=1
Auto thread command 3692 1156.0.0 (w=0.0 aw=0.0 lp=0 grd=0) started on engine pid=140252,rank=1,slot=1
command 1572 415.0.0 ended on engine pid=140251,rank=0,slot=0
command 3692 1156.0.0 ended on engine pid=140252,rank=1,slot=1
Auto thread command 4179 1322.0.0 (w=0.0 aw=0.0 lp=0 grd=0) started on engine pid=140251,rank=0,slot=0
Auto thread command 1642 449.0.0 (w=0.0 aw=0.0 lp=0 grd=0) started on engine pid=140252,rank=1,slot=1
command 4179 1322.0.0 ended on engine pid=140251,rank=0,slot=0
command 1642 449.0.0 ended on engine pid=140252,rank=1,slot=1
Auto thread command 4196 1327.0.0 (w=0.0 aw=0.0 lp=0 grd=0) started on engine pid=140251,rank=0,slot=0
command 4196 1327.0.0 ended on engine pid=140251,rank=0,slot=0
Auto thread command 4259 1347.0.0 (w=0.0 aw=0.0 lp=0 grd=0) started on engine pid=140252,rank=1,slot=1
Auto thread command 4269 1351.0.0 (w=0.0 aw=0.0 lp=0 grd=0) started on engine pid=140251,rank=0,slot=0
command 4259 1347.0.0 ended on engine pid=140252,rank=1,slot=1
command 4269 1351.0.0 ended on engine pid=140251,rank=0,slot=0
Auto thread command 4263 1348.0.0 (w=0.0 aw=0.0 lp=0 grd=0) started on engine pid=140252,rank=1,slot=1
Auto thread command 4273 1352.0.0 (w=0.0 aw=0.0 lp=0 grd=0) started on engine pid=140251,rank=0,slot=0
command 4263 1348.0.0 ended on engine pid=140252,rank=1,slot=1
command 4273 1352.0.0 ended on engine pid=140251,rank=0,slot=0
Auto thread command 3436 1035.0.0 (w=0.0 aw=0.0 lp=0 grd=0) started on engine pid=140252,rank=1,slot=1
Auto thread command 3384 1020.0.0 (w=0.0 aw=0.0 lp=0 grd=0) started on engine pid=140251,rank=0,slot=0
command 3384 1020.0.0 ended on engine pid=140251,rank=0,slot=0
Auto thread command 3393 1023.0.0 (w=0.0 aw=0.0 lp=0 grd=0) started on engine pid=140251,rank=0,slot=0
command 3436 1035.0.0 ended on engine pid=140252,rank=1,slot=1
command 3393 1023.0.0 ended on engine pid=140251,rank=0,slot=0
Auto thread command 3445 1037.0.0 (w=0.0 aw=0.0 lp=0 grd=0) started on engine pid=140252,rank=1,slot=1
Auto thread command 3399 1024.0.0 (w=0.0 aw=0.0 lp=0 grd=0) started on engine pid=140251,rank=0,slot=0
command 3399 1024.0.0 ended on engine pid=140251,rank=0,slot=0
command 3445 1037.0.0 ended on engine pid=140252,rank=1,slot=1
Auto thread command 3406 1026.0.0 (w=0.0 aw=0.0 lp=0 grd=0) started on engine pid=140251,rank=0,slot=0
Auto thread command 3443 1036.0.0 (w=0.0 aw=0.0 lp=0 grd=0) started on engine pid=140252,rank=1,slot=1
command 3443 1036.0.0 ended on engine pid=140252,rank=1,slot=1
command 3406 1026.0.0 ended on engine pid=140251,rank=0,slot=0
Auto thread command 3447 1038.0.0 (w=0.0 aw=0.0 lp=0 grd=0) started on engine pid=140252,rank=1,slot=1
Auto thread command 3410 1027.0.0 (w=0.0 aw=0.0 lp=0 grd=0) started on engine pid=140251,rank=0,slot=0
command 3410 1027.0.0 ended on engine pid=140251,rank=0,slot=0
Auto thread command 3375 1018.0.0 (w=0.0 aw=0.0 lp=0 grd=0) started on engine pid=140251,rank=0,slot=0
command 3447 1038.0.0 ended on engine pid=140252,rank=1,slot=1
command 3375 1018.0.0 ended on engine pid=140251,rank=0,slot=0
Auto thread command 3529 1065.0.0 (w=0.0 aw=0.0 lp=0 grd=0) started on engine pid=140252,rank=1,slot=1
Auto thread command 3383 1019.0.0 (w=0.0 aw=0.0 lp=0 grd=0) started on engine pid=140251,rank=0,slot=0
command 3383 1019.0.0 ended on engine pid=140251,rank=0,slot=0
Auto thread command 3564 1075.0.0 (w=0.0 aw=0.0 lp=0 grd=0) started on engine pid=140251,rank=0,slot=0
command 3529 1065.0.0 ended on engine pid=140252,rank=1,slot=1
command 3564 1075.0.0 ended on engine pid=140251,rank=0,slot=0
Auto thread command 3537 1066.0.0 (w=0.0 aw=0.0 lp=0 grd=0) started on engine pid=140252,rank=1,slot=1
command 3537 1066.0.0 ended on engine pid=140252,rank=1,slot=1
Auto thread command 3572 1076.0.0 (w=0.0 aw=0.0 lp=0 grd=0) started on engine pid=140251,rank=0,slot=0
Auto thread command 3355 1011.0.0 (w=0.0 aw=0.0 lp=0 grd=0) started on engine pid=140252,rank=1,slot=1
command 3572 1076.0.0 ended on engine pid=140251,rank=0,slot=0
Auto thread command 3323 1002.0.0 (w=0.0 aw=0.0 lp=0 grd=0) started on engine pid=140251,rank=0,slot=0
command 3323 1002.0.0 ended on engine pid=140251,rank=0,slot=0
command 3355 1011.0.0 ended on engine pid=140252,rank=1,slot=1
Auto thread command 3332 1004.0.0 (w=0.0 aw=0.0 lp=0 grd=0) started on engine pid=140251,rank=0,slot=0
Auto thread command 3330 1003.0.0 (w=0.0 aw=0.0 lp=0 grd=0) started on engine pid=140252,rank=1,slot=1
command 3332 1004.0.0 ended on engine pid=140251,rank=0,slot=0
Auto thread command 3316 1001.0.0 (w=0.0 aw=0.0 lp=0 grd=0) started on engine pid=140251,rank=0,slot=0
command 3330 1003.0.0 ended on engine pid=140252,rank=1,slot=1
Auto thread command 3334 1005.0.0 (w=0.0 aw=0.0 lp=0 grd=0) started on engine pid=140252,rank=1,slot=1
command 3316 1001.0.0 ended on engine pid=140251,rank=0,slot=0
Auto thread command 3424 1032.0.0 (w=0.0 aw=0.0 lp=0 grd=0) started on engine pid=140251,rank=0,slot=0
command 3334 1005.0.0 ended on engine pid=140252,rank=1,slot=1
Auto thread command 3338 1006.0.0 (w=0.0 aw=0.0 lp=0 grd=0) started on engine pid=140252,rank=1,slot=1
command 3424 1032.0.0 ended on engine pid=140251,rank=0,slot=0
command 3338 1006.0.0 ended on engine pid=140252,rank=1,slot=1
Auto thread command 3432 1033.0.0 (w=0.0 aw=0.0 lp=0 grd=0) started on engine pid=140251,rank=0,slot=0
command 3432 1033.0.0 ended on engine pid=140251,rank=0,slot=0
Auto thread command 3413 1029.0.0 (w=0.0 aw=0.0 lp=0 grd=0) started on engine pid=140252,rank=1,slot=1
Auto thread command 3555 1073.0.0 (w=0.0 aw=0.0 lp=0 grd=0) started on engine pid=140251,rank=0,slot=0
command 3413 1029.0.0 ended on engine pid=140252,rank=1,slot=1
Auto thread command 3421 1030.0.0 (w=0.0 aw=0.0 lp=0 grd=0) started on engine pid=140252,rank=1,slot=1
command 3555 1073.0.0 ended on engine pid=140251,rank=0,slot=0
command 3421 1030.0.0 ended on engine pid=140252,rank=1,slot=1
Auto thread command 3563 1074.0.0 (w=0.0 aw=0.0 lp=0 grd=0) started on engine pid=140251,rank=0,slot=0
Auto thread command 3345 1008.0.0 (w=0.0 aw=0.0 lp=0 grd=0) started on engine pid=140252,rank=1,slot=1
command 3563 1074.0.0 ended on engine pid=140251,rank=0,slot=0
Auto thread command 3309 1000.0.0 (w=0.0 aw=0.0 lp=0 grd=0) started on engine pid=140251,rank=0,slot=0
command 3345 1008.0.0 ended on engine pid=140252,rank=1,slot=1
Auto thread command 3352 1009.0.0 (w=0.0 aw=0.0 lp=0 grd=0) started on engine pid=140252,rank=1,slot=1
command 3352 1009.0.0 ended on engine pid=140252,rank=1,slot=1
Auto thread command 3302 999.0.0 (w=0.0 aw=0.0 lp=0 grd=0) started on engine pid=140252,rank=1,slot=1
command 3309 1000.0.0 ended on engine pid=140251,rank=0,slot=0
Auto thread command 3295 998.0.0 (w=0.0 aw=0.0 lp=0 grd=0) started on engine pid=140251,rank=0,slot=0
command 3302 999.0.0 ended on engine pid=140252,rank=1,slot=1
Auto thread command 3353 1010.0.0 (w=0.0 aw=0.0 lp=0 grd=0) started on engine pid=140252,rank=1,slot=1
command 3295 998.0.0 ended on engine pid=140251,rank=0,slot=0
command 3353 1010.0.0 ended on engine pid=140252,rank=1,slot=1
Auto thread command 3468 1045.0.0 (w=0.0 aw=0.0 lp=0 grd=0) started on engine pid=140251,rank=0,slot=0
Auto thread command 3367 1015.0.0 (w=0.0 aw=0.0 lp=0 grd=0) started on engine pid=140252,rank=1,slot=1
command 3468 1045.0.0 ended on engine pid=140251,rank=0,slot=0
command 3367 1015.0.0 ended on engine pid=140252,rank=1,slot=1
Auto thread command 3489 1052.0.0 (w=0.0 aw=0.0 lp=0 grd=0) started on engine pid=140251,rank=0,slot=0
Auto thread command 3433 1034.0.0 (w=0.0 aw=0.0 lp=0 grd=0) started on engine pid=140252,rank=1,slot=1
command 3489 1052.0.0 ended on engine pid=140251,rank=0,slot=0
command 3433 1034.0.0 ended on engine pid=140252,rank=1,slot=1
Auto thread command 3542 1069.0.0 (w=0.0 aw=0.0 lp=0 grd=0) started on engine pid=140251,rank=0,slot=0
Auto thread command 3474 1047.0.0 (w=0.0 aw=0.0 lp=0 grd=0) started on engine pid=140252,rank=1,slot=1
command 3542 1069.0.0 ended on engine pid=140251,rank=0,slot=0
Auto thread command 3550 1070.0.0 (w=0.0 aw=0.0 lp=0 grd=0) started on engine pid=140251,rank=0,slot=0
command 3474 1047.0.0 ended on engine pid=140252,rank=1,slot=1
command 3550 1070.0.0 ended on engine pid=140251,rank=0,slot=0
Auto thread command 3495 1054.0.0 (w=0.0 aw=0.0 lp=0 grd=0) started on engine pid=140252,rank=1,slot=1
command 3495 1054.0.0 ended on engine pid=140252,rank=1,slot=1
Auto thread command 3453 1040.0.0 (w=0.0 aw=0.0 lp=0 grd=0) started on engine pid=140251,rank=0,slot=0
Auto thread command 3510 1059.0.0 (w=0.0 aw=0.0 lp=0 grd=0) started on engine pid=140252,rank=1,slot=1
command 3453 1040.0.0 ended on engine pid=140251,rank=0,slot=0
Auto thread command 3455 1041.0.0 (w=0.0 aw=0.0 lp=0 grd=0) started on engine pid=140251,rank=0,slot=0
command 3510 1059.0.0 ended on engine pid=140252,rank=1,slot=1
Auto thread command 3516 1061.0.0 (w=0.0 aw=0.0 lp=0 grd=0) started on engine pid=140252,rank=1,slot=1
command 3516 1061.0.0 ended on engine pid=140252,rank=1,slot=1
Auto thread command 3514 1060.0.0 (w=0.0 aw=0.0 lp=0 grd=0) started on engine pid=140252,rank=1,slot=1
command 3455 1041.0.0 ended on engine pid=140251,rank=0,slot=0
command 3514 1060.0.0 ended on engine pid=140252,rank=1,slot=1
Auto thread command 3463 1042.0.0 (w=0.0 aw=0.0 lp=0 grd=0) started on engine pid=140251,rank=0,slot=0
command 3463 1042.0.0 ended on engine pid=140251,rank=0,slot=0
Auto thread command 3518 1062.0.0 (w=0.0 aw=0.0 lp=0 grd=0) started on engine pid=140252,rank=1,slot=1
Auto thread command 3493 1053.0.0 (w=0.0 aw=0.0 lp=0 grd=0) started on engine pid=140251,rank=0,slot=0
command 3493 1053.0.0 ended on engine pid=140251,rank=0,slot=0
Auto thread command 3497 1055.0.0 (w=0.0 aw=0.0 lp=0 grd=0) started on engine pid=140251,rank=0,slot=0
command 3518 1062.0.0 ended on engine pid=140252,rank=1,slot=1
Auto thread command 3526 1063.0.0 (w=0.0 aw=0.0 lp=0 grd=0) started on engine pid=140252,rank=1,slot=1
command 3526 1063.0.0 ended on engine pid=140252,rank=1,slot=1
Auto thread command 3472 1046.0.0 (w=0.0 aw=0.0 lp=0 grd=0) started on engine pid=140252,rank=1,slot=1
command 3497 1055.0.0 ended on engine pid=140251,rank=0,slot=0
command 3472 1046.0.0 ended on engine pid=140252,rank=1,slot=1
Auto thread command 3505 1056.0.0 (w=0.0 aw=0.0 lp=0 grd=0) started on engine pid=140251,rank=0,slot=0
command 3505 1056.0.0 ended on engine pid=140251,rank=0,slot=0
Auto thread command 3476 1048.0.0 (w=0.0 aw=0.0 lp=0 grd=0) started on engine pid=140252,rank=1,slot=1
Auto thread command 3361 1013.0.0 (w=0.0 aw=0.0 lp=0 grd=0) started on engine pid=140251,rank=0,slot=0
command 3361 1013.0.0 ended on engine pid=140251,rank=0,slot=0
Auto thread command 3371 1016.0.0 (w=0.0 aw=0.0 lp=0 grd=0) started on engine pid=140251,rank=0,slot=0
command 3476 1048.0.0 ended on engine pid=140252,rank=1,slot=1
command 3371 1016.0.0 ended on engine pid=140251,rank=0,slot=0
Auto thread command 3484 1049.0.0 (w=0.0 aw=0.0 lp=0 grd=0) started on engine pid=140252,rank=1,slot=1
command 3484 1049.0.0 ended on engine pid=140252,rank=1,slot=1
Auto thread command 3374 1017.0.0 (w=0.0 aw=0.0 lp=0 grd=0) started on engine pid=140251,rank=0,slot=0
Auto thread command 4193 1326.0.0 (w=0.0 aw=0.0 lp=0 grd=0) started on engine pid=140252,rank=1,slot=1
command 3374 1017.0.0 ended on engine pid=140251,rank=0,slot=0
Auto thread command 4188 1324.0.0 (w=0.0 aw=0.0 lp=0 grd=0) started on engine pid=140251,rank=0,slot=0
command 4193 1326.0.0 ended on engine pid=140252,rank=1,slot=1
command 4188 1324.0.0 ended on engine pid=140251,rank=0,slot=0
Auto thread command 4216 1335.0.0 (w=0.0 aw=0.0 lp=0 grd=0) started on engine pid=140252,rank=1,slot=1
command 4216 1335.0.0 ended on engine pid=140252,rank=1,slot=1
Auto thread command 4211 1333.0.0 (w=0.0 aw=0.0 lp=0 grd=0) started on engine pid=140251,rank=0,slot=0
Auto thread command 4230 1339.0.0 (w=0.0 aw=0.0 lp=0 grd=0) started on engine pid=140252,rank=1,slot=1
command 4211 1333.0.0 ended on engine pid=140251,rank=0,slot=0
Auto thread command 4215 1334.0.0 (w=0.0 aw=0.0 lp=0 grd=0) started on engine pid=140251,rank=0,slot=0
command 4215 1334.0.0 ended on engine pid=140251,rank=0,slot=0
command 4230 1339.0.0 ended on engine pid=140252,rank=1,slot=1
Auto thread command 4221 1337.0.0 (w=0.0 aw=0.0 lp=0 grd=0) started on engine pid=140251,rank=0,slot=0
Auto thread command 4238 1340.0.0 (w=0.0 aw=0.0 lp=0 grd=0) started on engine pid=140252,rank=1,slot=1
command 4238 1340.0.0 ended on engine pid=140252,rank=1,slot=1
Auto thread command 4185 1323.0.0 (w=0.0 aw=0.0 lp=0 grd=0) started on engine pid=140252,rank=1,slot=1
command 4185 1323.0.0 ended on engine pid=140252,rank=1,slot=1
command 4221 1337.0.0 ended on engine pid=140251,rank=0,slot=0
Auto thread command 4201 1329.0.0 (w=0.0 aw=0.0 lp=0 grd=0) started on engine pid=140252,rank=1,slot=1
Auto thread command 4229 1338.0.0 (w=0.0 aw=0.0 lp=0 grd=0) started on engine pid=140251,rank=0,slot=0
command 4201 1329.0.0 ended on engine pid=140252,rank=1,slot=1
command 4229 1338.0.0 ended on engine pid=140251,rank=0,slot=0
Auto thread command 4206 1331.0.0 (w=0.0 aw=0.0 lp=0 grd=0) started on engine pid=140252,rank=1,slot=1
Auto thread command 1638 447.0.0 (w=0.0 aw=0.0 lp=0 grd=0) started on engine pid=140251,rank=0,slot=0
command 1638 447.0.0 ended on engine pid=140251,rank=0,slot=0
command 4206 1331.0.0 ended on engine pid=140252,rank=1,slot=1
Auto thread command 4264 1349.0.0 (w=0.0 aw=0.0 lp=0 grd=0) started on engine pid=140251,rank=0,slot=0
Auto thread command 4210 1332.0.0 (w=0.0 aw=0.0 lp=0 grd=0) started on engine pid=140252,rank=1,slot=1
command 4210 1332.0.0 ended on engine pid=140252,rank=1,slot=1
Auto thread command 4254 1345.0.0 (w=0.0 aw=0.0 lp=0 grd=0) started on engine pid=140252,rank=1,slot=1
command 4264 1349.0.0 ended on engine pid=140251,rank=0,slot=0
command 4254 1345.0.0 ended on engine pid=140252,rank=1,slot=1
Auto thread command 4268 1350.0.0 (w=0.0 aw=0.0 lp=0 grd=0) started on engine pid=140251,rank=0,slot=0
command 4268 1350.0.0 ended on engine pid=140251,rank=0,slot=0
Auto thread command 4258 1346.0.0 (w=0.0 aw=0.0 lp=0 grd=0) started on engine pid=140252,rank=1,slot=1
command 4258 1346.0.0 ended on engine pid=140252,rank=1,slot=1
Auto thread command 4239 1341.0.0 (w=0.0 aw=0.0 lp=0 grd=0) started on engine pid=140251,rank=0,slot=0
Auto thread command 4174 1320.0.0 (w=0.0 aw=0.0 lp=0 grd=0) started on engine pid=140252,rank=1,slot=1
command 4174 1320.0.0 ended on engine pid=140252,rank=1,slot=1
Auto thread command 4178 1321.0.0 (w=0.0 aw=0.0 lp=0 grd=0) started on engine pid=140252,rank=1,slot=1
command 4178 1321.0.0 ended on engine pid=140252,rank=1,slot=1
Auto thread command 4164 1316.0.0 (w=0.0 aw=0.0 lp=0 grd=0) started on engine pid=140252,rank=1,slot=1
command 4239 1341.0.0 ended on engine pid=140251,rank=0,slot=0
Auto thread command 4245 1343.0.0 (w=0.0 aw=0.0 lp=0 grd=0) started on engine pid=140251,rank=0,slot=0
command 4164 1316.0.0 ended on engine pid=140252,rank=1,slot=1
Auto thread command 4168 1317.0.0 (w=0.0 aw=0.0 lp=0 grd=0) started on engine pid=140252,rank=1,slot=1
command 4168 1317.0.0 ended on engine pid=140252,rank=1,slot=1
Auto thread command 4144 1310.0.0 (w=0.0 aw=0.0 lp=0 grd=0) started on engine pid=140252,rank=1,slot=1
command 4245 1343.0.0 ended on engine pid=140251,rank=0,slot=0
Auto thread command 4253 1344.0.0 (w=0.0 aw=0.0 lp=0 grd=0) started on engine pid=140251,rank=0,slot=0
command 4253 1344.0.0 ended on engine pid=140251,rank=0,slot=0
Auto thread command 3158 956.0.0 (w=0.0 aw=0.0 lp=0 grd=0) started on engine pid=140251,rank=0,slot=0
command 4144 1310.0.0 ended on engine pid=140252,rank=1,slot=1
Auto thread command 4148 1311.0.0 (w=0.0 aw=0.0 lp=0 grd=0) started on engine pid=140252,rank=1,slot=1
command 4148 1311.0.0 ended on engine pid=140252,rank=1,slot=1
Auto thread command 4150 1312.0.0 (w=0.0 aw=0.0 lp=0 grd=0) started on engine pid=140252,rank=1,slot=1
command 3158 956.0.0 ended on engine pid=140251,rank=0,slot=0
Auto thread command 3167 958.0.0 (w=0.0 aw=0.0 lp=0 grd=0) started on engine pid=140251,rank=0,slot=0
command 3167 958.0.0 ended on engine pid=140251,rank=0,slot=0
command 4150 1312.0.0 ended on engine pid=140252,rank=1,slot=1
Auto thread command 3165 957.0.0 (w=0.0 aw=0.0 lp=0 grd=0) started on engine pid=140251,rank=0,slot=0
Auto thread command 4158 1313.0.0 (w=0.0 aw=0.0 lp=0 grd=0) started on engine pid=140252,rank=1,slot=1
command 3165 957.0.0 ended on engine pid=140251,rank=0,slot=0
command 4158 1313.0.0 ended on engine pid=140252,rank=1,slot=1
Auto thread command 3169 959.0.0 (w=0.0 aw=0.0 lp=0 grd=0) started on engine pid=140251,rank=0,slot=0
Auto thread command 3106 941.0.0 (w=0.0 aw=0.0 lp=0 grd=0) started on engine pid=140252,rank=1,slot=1
command 3169 959.0.0 ended on engine pid=140251,rank=0,slot=0
command 3106 941.0.0 ended on engine pid=140252,rank=1,slot=1
Auto thread command 3251 986.0.0 (w=0.0 aw=0.0 lp=0 grd=0) started on engine pid=140251,rank=0,slot=0
Auto thread command 3113 943.0.0 (w=0.0 aw=0.0 lp=0 grd=0) started on engine pid=140252,rank=1,slot=1
command 3113 943.0.0 ended on engine pid=140252,rank=1,slot=1
Auto thread command 3111 942.0.0 (w=0.0 aw=0.0 lp=0 grd=0) started on engine pid=140252,rank=1,slot=1
command 3251 986.0.0 ended on engine pid=140251,rank=0,slot=0
command 3111 942.0.0 ended on engine pid=140252,rank=1,slot=1
Auto thread command 3259 987.0.0 (w=0.0 aw=0.0 lp=0 grd=0) started on engine pid=140251,rank=0,slot=0
command 3259 987.0.0 ended on engine pid=140251,rank=0,slot=0
Auto thread command 3115 944.0.0 (w=0.0 aw=0.0 lp=0 grd=0) started on engine pid=140252,rank=1,slot=1
Auto thread command 3286 996.0.0 (w=0.0 aw=0.0 lp=0 grd=0) started on engine pid=140251,rank=0,slot=0
command 3286 996.0.0 ended on engine pid=140251,rank=0,slot=0
Auto thread command 3294 997.0.0 (w=0.0 aw=0.0 lp=0 grd=0) started on engine pid=140251,rank=0,slot=0
command 3115 944.0.0 ended on engine pid=140252,rank=1,slot=1
command 3294 997.0.0 ended on engine pid=140251,rank=0,slot=0
Auto thread command 3121 945.0.0 (w=0.0 aw=0.0 lp=0 grd=0) started on engine pid=140252,rank=1,slot=1
Auto thread command 3097 939.0.0 (w=0.0 aw=0.0 lp=0 grd=0) started on engine pid=140251,rank=0,slot=0
command 3121 945.0.0 ended on engine pid=140252,rank=1,slot=1
Auto thread command 3126 946.0.0 (w=0.0 aw=0.0 lp=0 grd=0) started on engine pid=140252,rank=1,slot=1
command 3126 946.0.0 ended on engine pid=140252,rank=1,slot=1
command 3097 939.0.0 ended on engine pid=140251,rank=0,slot=0
Auto thread command 3128 947.0.0 (w=0.0 aw=0.0 lp=0 grd=0) started on engine pid=140252,rank=1,slot=1
Auto thread command 3105 940.0.0 (w=0.0 aw=0.0 lp=0 grd=0) started on engine pid=140251,rank=0,slot=0
command 3105 940.0.0 ended on engine pid=140251,rank=0,slot=0
Auto thread command 3077 932.0.0 (w=0.0 aw=0.0 lp=0 grd=0) started on engine pid=140251,rank=0,slot=0
command 3128 947.0.0 ended on engine pid=140252,rank=1,slot=1
Auto thread command 3132 948.0.0 (w=0.0 aw=0.0 lp=0 grd=0) started on engine pid=140252,rank=1,slot=1
command 3132 948.0.0 ended on engine pid=140252,rank=1,slot=1
Auto thread command 3045 923.0.0 (w=0.0 aw=0.0 lp=0 grd=0) started on engine pid=140252,rank=1,slot=1
command 3077 932.0.0 ended on engine pid=140251,rank=0,slot=0
Auto thread command 3089 936.0.0 (w=0.0 aw=0.0 lp=0 grd=0) started on engine pid=140251,rank=0,slot=0
command 3045 923.0.0 ended on engine pid=140252,rank=1,slot=1
Auto thread command 3054 925.0.0 (w=0.0 aw=0.0 lp=0 grd=0) started on engine pid=140252,rank=1,slot=1
command 3054 925.0.0 ended on engine pid=140252,rank=1,slot=1
command 3089 936.0.0 ended on engine pid=140251,rank=0,slot=0
Auto thread command 3052 924.0.0 (w=0.0 aw=0.0 lp=0 grd=0) started on engine pid=140252,rank=1,slot=1
Auto thread command 3155 955.0.0 (w=0.0 aw=0.0 lp=0 grd=0) started on engine pid=140251,rank=0,slot=0
command 3052 924.0.0 ended on engine pid=140252,rank=1,slot=1
command 3155 955.0.0 ended on engine pid=140251,rank=0,slot=0
Auto thread command 3056 926.0.0 (w=0.0 aw=0.0 lp=0 grd=0) started on engine pid=140252,rank=1,slot=1
Auto thread command 3175 961.0.0 (w=0.0 aw=0.0 lp=0 grd=0) started on engine pid=140251,rank=0,slot=0
command 3175 961.0.0 ended on engine pid=140251,rank=0,slot=0
command 3056 926.0.0 ended on engine pid=140252,rank=1,slot=1
Auto thread command 3177 962.0.0 (w=0.0 aw=0.0 lp=0 grd=0) started on engine pid=140251,rank=0,slot=0
Auto thread command 3060 927.0.0 (w=0.0 aw=0.0 lp=0 grd=0) started on engine pid=140252,rank=1,slot=1
command 3060 927.0.0 ended on engine pid=140252,rank=1,slot=1
Auto thread command 3135 950.0.0 (w=0.0 aw=0.0 lp=0 grd=0) started on engine pid=140252,rank=1,slot=1
command 3177 962.0.0 ended on engine pid=140251,rank=0,slot=0
Auto thread command 3185 963.0.0 (w=0.0 aw=0.0 lp=0 grd=0) started on engine pid=140251,rank=0,slot=0
command 3185 963.0.0 ended on engine pid=140251,rank=0,slot=0
command 3135 950.0.0 ended on engine pid=140252,rank=1,slot=1
Auto thread command 3277 994.0.0 (w=0.0 aw=0.0 lp=0 grd=0) started on engine pid=140251,rank=0,slot=0
Auto thread command 3143 951.0.0 (w=0.0 aw=0.0 lp=0 grd=0) started on engine pid=140252,rank=1,slot=1
command 3143 951.0.0 ended on engine pid=140252,rank=1,slot=1
Auto thread command 3067 929.0.0 (w=0.0 aw=0.0 lp=0 grd=0) started on engine pid=140252,rank=1,slot=1
command 3067 929.0.0 ended on engine pid=140252,rank=1,slot=1
command 3277 994.0.0 ended on engine pid=140251,rank=0,slot=0
Auto thread command 3074 930.0.0 (w=0.0 aw=0.0 lp=0 grd=0) started on engine pid=140252,rank=1,slot=1
command 3074 930.0.0 ended on engine pid=140252,rank=1,slot=1
Auto thread command 3285 995.0.0 (w=0.0 aw=0.0 lp=0 grd=0) started on engine pid=140251,rank=0,slot=0
Auto thread command 3083 934.0.0 (w=0.0 aw=0.0 lp=0 grd=0) started on engine pid=140252,rank=1,slot=1
command 3285 995.0.0 ended on engine pid=140251,rank=0,slot=0
Auto thread command 3038 922.0.0 (w=0.0 aw=0.0 lp=0 grd=0) started on engine pid=140251,rank=0,slot=0
command 3083 934.0.0 ended on engine pid=140252,rank=1,slot=1
Auto thread command 3093 937.0.0 (w=0.0 aw=0.0 lp=0 grd=0) started on engine pid=140252,rank=1,slot=1
command 3093 937.0.0 ended on engine pid=140252,rank=1,slot=1
command 3038 922.0.0 ended on engine pid=140251,rank=0,slot=0
Auto thread command 3096 938.0.0 (w=0.0 aw=0.0 lp=0 grd=0) started on engine pid=140252,rank=1,slot=1
command 3096 938.0.0 ended on engine pid=140252,rank=1,slot=1
Auto thread command 3146 953.0.0 (w=0.0 aw=0.0 lp=0 grd=0) started on engine pid=140251,rank=0,slot=0
Auto thread command 3031 921.0.0 (w=0.0 aw=0.0 lp=0 grd=0) started on engine pid=140252,rank=1,slot=1
command 3146 953.0.0 ended on engine pid=140251,rank=0,slot=0
command 3031 921.0.0 ended on engine pid=140252,rank=1,slot=1
Auto thread command 3154 954.0.0 (w=0.0 aw=0.0 lp=0 grd=0) started on engine pid=140251,rank=0,slot=0
command 3154 954.0.0 ended on engine pid=140251,rank=0,slot=0
Auto thread command 3024 920.0.0 (w=0.0 aw=0.0 lp=0 grd=0) started on engine pid=140252,rank=1,slot=1
Auto thread command 3017 919.0.0 (w=0.0 aw=0.0 lp=0 grd=0) started on engine pid=140251,rank=0,slot=0
command 3024 920.0.0 ended on engine pid=140252,rank=1,slot=1
Auto thread command 3689 1154.0.0 (w=0.0 aw=0.0 lp=0 grd=0) started on engine pid=140252,rank=1,slot=1
command 3017 919.0.0 ended on engine pid=140251,rank=0,slot=0
command 3689 1154.0.0 ended on engine pid=140252,rank=1,slot=1
Auto thread command 3188 965.0.0 (w=0.0 aw=0.0 lp=0 grd=0) started on engine pid=140251,rank=0,slot=0
Auto thread command 3186 964.0.0 (w=0.0 aw=0.0 lp=0 grd=0) started on engine pid=140252,rank=1,slot=1
command 3188 965.0.0 ended on engine pid=140251,rank=0,slot=0
Auto thread command 3680 1148.0.0 (w=0.0 aw=0.0 lp=0 grd=0) started on engine pid=140251,rank=0,slot=0
command 3186 964.0.0 ended on engine pid=140252,rank=1,slot=1
command 3680 1148.0.0 ended on engine pid=140251,rank=0,slot=0
Auto thread command 3190 966.0.0 (w=0.0 aw=0.0 lp=0 grd=0) started on engine pid=140252,rank=1,slot=1
Auto thread command 3674 1144.0.0 (w=0.0 aw=0.0 lp=0 grd=0) started on engine pid=140251,rank=0,slot=0
command 3674 1144.0.0 ended on engine pid=140251,rank=0,slot=0
Auto thread command 3671 1142.0.0 (w=0.0 aw=0.0 lp=0 grd=0) started on engine pid=140251,rank=0,slot=0
command 3671 1142.0.0 ended on engine pid=140251,rank=0,slot=0
Auto thread command 3668 1140.0.0 (w=0.0 aw=0.0 lp=0 grd=0) started on engine pid=140251,rank=0,slot=0
command 3668 1140.0.0 ended on engine pid=140251,rank=0,slot=0
command 3190 966.0.0 ended on engine pid=140252,rank=1,slot=1
Auto thread command 3665 1138.0.0 (w=0.0 aw=0.0 lp=0 grd=0) started on engine pid=140251,rank=0,slot=0
command 3665 1138.0.0 ended on engine pid=140251,rank=0,slot=0
Auto thread command 3211 973.0.0 (w=0.0 aw=0.0 lp=0 grd=0) started on engine pid=140252,rank=1,slot=1
Auto thread command 3196 968.0.0 (w=0.0 aw=0.0 lp=0 grd=0) started on engine pid=140251,rank=0,slot=0
command 3211 973.0.0 ended on engine pid=140252,rank=1,slot=1
command 3196 968.0.0 ended on engine pid=140251,rank=0,slot=0
Auto thread command 3264 990.0.0 (w=0.0 aw=0.0 lp=0 grd=0) started on engine pid=140252,rank=1,slot=1
Auto thread command 3232 980.0.0 (w=0.0 aw=0.0 lp=0 grd=0) started on engine pid=140251,rank=0,slot=0
command 3264 990.0.0 ended on engine pid=140252,rank=1,slot=1
command 3232 980.0.0 ended on engine pid=140251,rank=0,slot=0
Auto thread command 3272 991.0.0 (w=0.0 aw=0.0 lp=0 grd=0) started on engine pid=140252,rank=1,slot=1
command 3272 991.0.0 ended on engine pid=140252,rank=1,slot=1
Auto thread command 3217 975.0.0 (w=0.0 aw=0.0 lp=0 grd=0) started on engine pid=140251,rank=0,slot=0
Auto thread command 3194 967.0.0 (w=0.0 aw=0.0 lp=0 grd=0) started on engine pid=140252,rank=1,slot=1
command 3217 975.0.0 ended on engine pid=140251,rank=0,slot=0
Auto thread command 3238 982.0.0 (w=0.0 aw=0.0 lp=0 grd=0) started on engine pid=140251,rank=0,slot=0
command 3194 967.0.0 ended on engine pid=140252,rank=1,slot=1
command 3238 982.0.0 ended on engine pid=140251,rank=0,slot=0
Auto thread command 3198 969.0.0 (w=0.0 aw=0.0 lp=0 grd=0) started on engine pid=140252,rank=1,slot=1
Auto thread command 3236 981.0.0 (w=0.0 aw=0.0 lp=0 grd=0) started on engine pid=140251,rank=0,slot=0
command 3236 981.0.0 ended on engine pid=140251,rank=0,slot=0
Auto thread command 3240 983.0.0 (w=0.0 aw=0.0 lp=0 grd=0) started on engine pid=140251,rank=0,slot=0
command 3198 969.0.0 ended on engine pid=140252,rank=1,slot=1
Auto thread command 3206 970.0.0 (w=0.0 aw=0.0 lp=0 grd=0) started on engine pid=140252,rank=1,slot=1
command 3206 970.0.0 ended on engine pid=140252,rank=1,slot=1
Auto thread command 3215 974.0.0 (w=0.0 aw=0.0 lp=0 grd=0) started on engine pid=140252,rank=1,slot=1
command 3215 974.0.0 ended on engine pid=140252,rank=1,slot=1
command 3240 983.0.0 ended on engine pid=140251,rank=0,slot=0
Auto thread command 3219 976.0.0 (w=0.0 aw=0.0 lp=0 grd=0) started on engine pid=140252,rank=1,slot=1
Auto thread command 3248 984.0.0 (w=0.0 aw=0.0 lp=0 grd=0) started on engine pid=140251,rank=0,slot=0
command 3248 984.0.0 ended on engine pid=140251,rank=0,slot=0
Auto thread command 3662 1136.0.0 (w=0.0 aw=0.0 lp=0 grd=0) started on engine pid=140251,rank=0,slot=0
command 3662 1136.0.0 ended on engine pid=140251,rank=0,slot=0
Auto thread command 3659 1134.0.0 (w=0.0 aw=0.0 lp=0 grd=0) started on engine pid=140251,rank=0,slot=0
command 3659 1134.0.0 ended on engine pid=140251,rank=0,slot=0
Auto thread command 3656 1132.0.0 (w=0.0 aw=0.0 lp=0 grd=0) started on engine pid=140251,rank=0,slot=0
command 3656 1132.0.0 ended on engine pid=140251,rank=0,slot=0
command 3219 976.0.0 ended on engine pid=140252,rank=1,slot=1
Auto thread command 3653 1130.0.0 (w=0.0 aw=0.0 lp=0 grd=0) started on engine pid=140251,rank=0,slot=0
command 3653 1130.0.0 ended on engine pid=140251,rank=0,slot=0
Auto thread command 3227 977.0.0 (w=0.0 aw=0.0 lp=0 grd=0) started on engine pid=140252,rank=1,slot=1
Auto thread command 3650 1128.0.0 (w=0.0 aw=0.0 lp=0 grd=0) started on engine pid=140251,rank=0,slot=0
command 3227 977.0.0 ended on engine pid=140252,rank=1,slot=1
command 3650 1128.0.0 ended on engine pid=140251,rank=0,slot=0
Auto thread command 3647 1126.0.0 (w=0.0 aw=0.0 lp=0 grd=0) started on engine pid=140252,rank=1,slot=1
Auto thread command 3632 1116.0.0 (w=0.0 aw=0.0 lp=0 grd=0) started on engine pid=140251,rank=0,slot=0
command 3647 1126.0.0 ended on engine pid=140252,rank=1,slot=1
command 3632 1116.0.0 ended on engine pid=140251,rank=0,slot=0
Auto thread command 3629 1114.0.0 (w=0.0 aw=0.0 lp=0 grd=0) started on engine pid=140252,rank=1,slot=1
Auto thread command 3626 1112.0.0 (w=0.0 aw=0.0 lp=0 grd=0) started on engine pid=140251,rank=0,slot=0
command 3629 1114.0.0 ended on engine pid=140252,rank=1,slot=1
command 3626 1112.0.0 ended on engine pid=140251,rank=0,slot=0
Auto thread command 3623 1110.0.0 (w=0.0 aw=0.0 lp=0 grd=0) started on engine pid=140252,rank=1,slot=1
Auto thread command 3620 1108.0.0 (w=0.0 aw=0.0 lp=0 grd=0) started on engine pid=140251,rank=0,slot=0
command 3623 1110.0.0 ended on engine pid=140252,rank=1,slot=1
command 3620 1108.0.0 ended on engine pid=140251,rank=0,slot=0
Auto thread command 3617 1106.0.0 (w=0.0 aw=0.0 lp=0 grd=0) started on engine pid=140252,rank=1,slot=1
Auto thread command 3614 1104.0.0 (w=0.0 aw=0.0 lp=0 grd=0) started on engine pid=140251,rank=0,slot=0
command 3617 1106.0.0 ended on engine pid=140252,rank=1,slot=1
command 3614 1104.0.0 ended on engine pid=140251,rank=0,slot=0
Auto thread command 3611 1102.0.0 (w=0.0 aw=0.0 lp=0 grd=0) started on engine pid=140252,rank=1,slot=1
Auto thread command 3608 1100.0.0 (w=0.0 aw=0.0 lp=0 grd=0) started on engine pid=140251,rank=0,slot=0
command 3611 1102.0.0 ended on engine pid=140252,rank=1,slot=1
command 3608 1100.0.0 ended on engine pid=140251,rank=0,slot=0
Auto thread command 3605 1098.0.0 (w=0.0 aw=0.0 lp=0 grd=0) started on engine pid=140252,rank=1,slot=1
Auto thread command 3590 1088.0.0 (w=0.0 aw=0.0 lp=0 grd=0) started on engine pid=140251,rank=0,slot=0
command 3605 1098.0.0 ended on engine pid=140252,rank=1,slot=1
command 3590 1088.0.0 ended on engine pid=140251,rank=0,slot=0
Auto thread command 3587 1086.0.0 (w=0.0 aw=0.0 lp=0 grd=0) started on engine pid=140252,rank=1,slot=1
Auto thread command 3584 1084.0.0 (w=0.0 aw=0.0 lp=0 grd=0) started on engine pid=140251,rank=0,slot=0
command 3587 1086.0.0 ended on engine pid=140252,rank=1,slot=1
command 3584 1084.0.0 ended on engine pid=140251,rank=0,slot=0
Auto thread command 3581 1082.0.0 (w=0.0 aw=0.0 lp=0 grd=0) started on engine pid=140252,rank=1,slot=1
Auto thread command 3578 1080.0.0 (w=0.0 aw=0.0 lp=0 grd=0) started on engine pid=140251,rank=0,slot=0
command 3581 1082.0.0 ended on engine pid=140252,rank=1,slot=1
command 3578 1080.0.0 ended on engine pid=140251,rank=0,slot=0
Auto thread command 3575 1078.0.0 (w=0.0 aw=0.0 lp=0 grd=0) started on engine pid=140252,rank=1,slot=1
Auto thread command 2494 770.0.0 (w=0.0 aw=0.0 lp=0 grd=0) started on engine pid=140251,rank=0,slot=0
command 3575 1078.0.0 ended on engine pid=140252,rank=1,slot=1
command 2494 770.0.0 ended on engine pid=140251,rank=0,slot=0
Auto thread command 2491 768.0.0 (w=0.0 aw=0.0 lp=0 grd=0) started on engine pid=140252,rank=1,slot=1
Auto thread command 2488 766.0.0 (w=0.0 aw=0.0 lp=0 grd=0) started on engine pid=140251,rank=0,slot=0
command 2491 768.0.0 ended on engine pid=140252,rank=1,slot=1
command 2488 766.0.0 ended on engine pid=140251,rank=0,slot=0
Auto thread command 2485 764.0.0 (w=0.0 aw=0.0 lp=0 grd=0) started on engine pid=140252,rank=1,slot=1
Auto thread command 2482 762.0.0 (w=0.0 aw=0.0 lp=0 grd=0) started on engine pid=140251,rank=0,slot=0
command 2485 764.0.0 ended on engine pid=140252,rank=1,slot=1
command 2482 762.0.0 ended on engine pid=140251,rank=0,slot=0
Auto thread command 2479 760.0.0 (w=0.0 aw=0.0 lp=0 grd=0) started on engine pid=140252,rank=1,slot=1
Auto thread command 2476 758.0.0 (w=0.0 aw=0.0 lp=0 grd=0) started on engine pid=140251,rank=0,slot=0
command 2479 760.0.0 ended on engine pid=140252,rank=1,slot=1
command 2476 758.0.0 ended on engine pid=140251,rank=0,slot=0
Auto thread command 2473 756.0.0 (w=0.0 aw=0.0 lp=0 grd=0) started on engine pid=140252,rank=1,slot=1
Auto thread command 2470 754.0.0 (w=0.0 aw=0.0 lp=0 grd=0) started on engine pid=140251,rank=0,slot=0
command 2473 756.0.0 ended on engine pid=140252,rank=1,slot=1
command 2470 754.0.0 ended on engine pid=140251,rank=0,slot=0
Auto thread command 2467 752.0.0 (w=0.0 aw=0.0 lp=0 grd=0) started on engine pid=140252,rank=1,slot=1
Auto thread command 2464 750.0.0 (w=0.0 aw=0.0 lp=0 grd=0) started on engine pid=140251,rank=0,slot=0
command 2467 752.0.0 ended on engine pid=140252,rank=1,slot=1
command 2464 750.0.0 ended on engine pid=140251,rank=0,slot=0
Auto thread command 2461 748.0.0 (w=0.0 aw=0.0 lp=0 grd=0) started on engine pid=140252,rank=1,slot=1
Auto thread command 2458 746.0.0 (w=0.0 aw=0.0 lp=0 grd=0) started on engine pid=140251,rank=0,slot=0
command 2461 748.0.0 ended on engine pid=140252,rank=1,slot=1
command 2458 746.0.0 ended on engine pid=140251,rank=0,slot=0
Auto thread command 2455 744.0.0 (w=0.0 aw=0.0 lp=0 grd=0) started on engine pid=140252,rank=1,slot=1
Auto thread command 2198 661.0.0 (w=0.0 aw=0.0 lp=0 grd=0) started on engine pid=140251,rank=0,slot=0
command 2455 744.0.0 ended on engine pid=140252,rank=1,slot=1
command 2198 661.0.0 ended on engine pid=140251,rank=0,slot=0
Auto thread command 2195 659.0.0 (w=0.0 aw=0.0 lp=0 grd=0) started on engine pid=140252,rank=1,slot=1
Auto thread command 2192 657.0.0 (w=0.0 aw=0.0 lp=0 grd=0) started on engine pid=140251,rank=0,slot=0
command 2195 659.0.0 ended on engine pid=140252,rank=1,slot=1
command 2192 657.0.0 ended on engine pid=140251,rank=0,slot=0
Auto thread command 2189 655.0.0 (w=0.0 aw=0.0 lp=0 grd=0) started on engine pid=140252,rank=1,slot=1
Auto thread command 2186 653.0.0 (w=0.0 aw=0.0 lp=0 grd=0) started on engine pid=140251,rank=0,slot=0
command 2189 655.0.0 ended on engine pid=140252,rank=1,slot=1
command 2186 653.0.0 ended on engine pid=140251,rank=0,slot=0
Auto thread command 2183 651.0.0 (w=0.0 aw=0.0 lp=0 grd=0) started on engine pid=140252,rank=1,slot=1
Auto thread command 2168 641.0.0 (w=0.0 aw=0.0 lp=0 grd=0) started on engine pid=140251,rank=0,slot=0
command 2183 651.0.0 ended on engine pid=140252,rank=1,slot=1
command 2168 641.0.0 ended on engine pid=140251,rank=0,slot=0
Auto thread command 2165 639.0.0 (w=0.0 aw=0.0 lp=0 grd=0) started on engine pid=140252,rank=1,slot=1
Auto thread command 2162 637.0.0 (w=0.0 aw=0.0 lp=0 grd=0) started on engine pid=140251,rank=0,slot=0
command 2165 639.0.0 ended on engine pid=140252,rank=1,slot=1
command 2162 637.0.0 ended on engine pid=140251,rank=0,slot=0
Auto thread command 2159 635.0.0 (w=0.0 aw=0.0 lp=0 grd=0) started on engine pid=140252,rank=1,slot=1
Auto thread command 2156 633.0.0 (w=0.0 aw=0.0 lp=0 grd=0) started on engine pid=140251,rank=0,slot=0
command 2159 635.0.0 ended on engine pid=140252,rank=1,slot=1
command 2156 633.0.0 ended on engine pid=140251,rank=0,slot=0
Auto thread command 1888 546.0.0 (w=0.0 aw=0.0 lp=0 grd=0) started on engine pid=140252,rank=1,slot=1
Auto thread command 1885 544.0.0 (w=0.0 aw=0.0 lp=0 grd=0) started on engine pid=140251,rank=0,slot=0
command 1888 546.0.0 ended on engine pid=140252,rank=1,slot=1
command 1885 544.0.0 ended on engine pid=140251,rank=0,slot=0
Auto thread command 1882 542.0.0 (w=0.0 aw=0.0 lp=0 grd=0) started on engine pid=140252,rank=1,slot=1
Auto thread command 1879 540.0.0 (w=0.0 aw=0.0 lp=0 grd=0) started on engine pid=140251,rank=0,slot=0
command 1882 542.0.0 ended on engine pid=140252,rank=1,slot=1
command 1879 540.0.0 ended on engine pid=140251,rank=0,slot=0
Auto thread command 1876 538.0.0 (w=0.0 aw=0.0 lp=0 grd=0) started on engine pid=140252,rank=1,slot=1
Auto thread command 1873 536.0.0 (w=0.0 aw=0.0 lp=0 grd=0) started on engine pid=140251,rank=0,slot=0
command 1876 538.0.0 ended on engine pid=140252,rank=1,slot=1
command 1873 536.0.0 ended on engine pid=140251,rank=0,slot=0
Auto thread command 1858 526.0.0 (w=0.0 aw=0.0 lp=0 grd=0) started on engine pid=140252,rank=1,slot=1
Auto thread command 1855 524.0.0 (w=0.0 aw=0.0 lp=0 grd=0) started on engine pid=140251,rank=0,slot=0
command 1858 526.0.0 ended on engine pid=140252,rank=1,slot=1
command 1855 524.0.0 ended on engine pid=140251,rank=0,slot=0
Auto thread command 1852 522.0.0 (w=0.0 aw=0.0 lp=0 grd=0) started on engine pid=140252,rank=1,slot=1
Auto thread command 1849 520.0.0 (w=0.0 aw=0.0 lp=0 grd=0) started on engine pid=140251,rank=0,slot=0
command 1852 522.0.0 ended on engine pid=140252,rank=1,slot=1
command 1849 520.0.0 ended on engine pid=140251,rank=0,slot=0
Auto thread command 1846 518.0.0 (w=0.0 aw=0.0 lp=0 grd=0) started on engine pid=140252,rank=1,slot=1
Auto thread command 1649 453.0.0 (w=0.0 aw=0.0 lp=0 grd=0) started on engine pid=140251,rank=0,slot=0
command 1846 518.0.0 ended on engine pid=140252,rank=1,slot=1
Auto thread command 1646 451.0.0 (w=0.0 aw=0.0 lp=0 grd=0) started on engine pid=140252,rank=1,slot=1
command 1649 453.0.0 ended on engine pid=140251,rank=0,slot=0
Auto thread command 1184 313.0.0 (w=0.0 aw=0.0 lp=0 grd=0) started on engine pid=140251,rank=0,slot=0
command 1646 451.0.0 ended on engine pid=140252,rank=1,slot=1
Auto thread command 0 0 (w=0.0 aw=0.0 lp=0 grd=0) started on engine pid=140252,rank=1,slot=1
command 0 0 ended on engine pid=140252,rank=1,slot=1
command 1184 313.0.0 ended on engine pid=140251,rank=0,slot=0
Auto thread command 4328 1389.0.0 (w=0.0 aw=0.0 lp=0 grd=0) started on engine pid=140251,rank=0,slot=0
Auto thread command 4328 1389.0.0 (w=0.0 aw=0.0 lp=0 grd=0) started on engine pid=140252,rank=1,slot=1
Warning: skip cancel thread request from set 0x2b1941d6d730 thread 1: thread set 0x2b1941d6d730 was previously reset
Warning: skip cancel thread request from set 0x2b507ccae6d0 thread 1: thread set 0x2b507ccae6d0 was previously reset
command 4328 1389.0.0 ended on engine pid=140251,rank=0,slot=0
Warning: skip cancel thread request from set 0x2b507ccaed40 thread 1: thread set 0x2b507ccaed40 was previously reset
command 4328 1389.0.0 ended on engine pid=140252,rank=1,slot=1
Auto thread command 4329 1390.0.0 (w=0.0 aw=0.0 lp=0 grd=0) started on engine pid=140251,rank=0,slot=0
command 4329 1390.0.0 ended on engine pid=140251,rank=0,slot=0
Auto thread command 4331 1391.0.0 (w=0.0 aw=0.0 lp=0 grd=0) started on engine pid=140251,rank=0,slot=0
Auto thread command 4331 1391.0.0 (w=0.0 aw=0.0 lp=0 grd=0) started on engine pid=140252,rank=1,slot=1
command 4331 1391.0.0 ended on engine pid=140251,rank=0,slot=0
command 4331 1391.0.0 ended on engine pid=140252,rank=1,slot=1
Reported thread stats of engine 0, 1 to dp memory manager
[3.000974s] usr=0.05s, sys=0.09s
Auto thread command 26 10.0 (w=0.0 aw=0.0 lp=0 grd=0) started on engine pid=140252,rank=1,slot=1
Auto thread command 26 10.0 (w=0.0 aw=0.0 lp=0 grd=0) started on engine pid=140251,rank=0,slot=0
  Descriptor 37 hang up
Cleaned balance semaphore for engine 1.
Removing fd 37 from connection catalog
Closing socket 37
  Descriptor 38 hang up
Cleaned balance semaphore for engine 0.
Warning: 2 uncleared thread_sets in trash can
Removing fd 38 from connection catalog
Closing socket 38
  Descriptor 35 hang up
Closing socket 35
  Descriptor 36 hang up
Closing socket 36
Received msg 66 from parent process.
JudicatorDaemon terminated.
Closing socket 26
Closing socket 25
[JudicatorDaemon] exits
